Workbook
Name A: 'Mẫu phiếu thông báo'!$A$3
Name MaKH: Data!#REF!
Name MaKH: 'In phieu thu'!#REF!

Sheet In phieu thu
A1: Phiếu thu tháng: | C1: 12 | D1: năm | E1: 2020
A2: Từ số: | C2: 206
A3: Đến số: | C3: 206 | E3: 1
C6: 206 | R6: 0
B10: Hướng dẫn để thằng ngu nhất quả đất cũng làm được:
B11: - Chọn sheet "Nhập dữ liệu", Bấm vào nút "LAM THANG MOI"
B12: - Sau khi bấm vào LAM THANG MOI cậu/mợ nào làm nhớ Save as ra file khác với tên file có dạng "Phieu dien Txx nam xxxx" không sau này muốn tra lại thì vỡ mồm con chồn
B13: - Kiểm tra thông tin của hộ tiêu thụ (Tên và địa chỉ)
B14: - Kiểm tra số kw được bao cấp và hệ số nhân
B15: - Chọn số phiếu thu cần in (P2 và P3) Enter
B16: - Click vào IN PHIẾU THU
B17: - Phiếu thông báo điện tiêu thụ được format trên khổ giấy A5, in luôn, không phải xoắn
B18: - Phiếu thông báo được lưu tại sheet "Phiếu thông báo"
B19: - In bảng tổng hợp tại sheet "Bảng tổng hợp"
B20: Chú ý:
B21: - Biết thì phá, không biết từ từ hãy phá, chỉ thao tác ở sheet "Nhập dữ liệu"

Sheet Bảng kê
A1: BẢNG TỔNG HỢP HỘ TIÊU THỤ ĐIỆN THÁNG 3 NĂM 2025
A3: STT | B3: Hộ tiêu thụ điện | C3: Đơn vị chủ quản | D3: Địa chỉ hộ tiêu thụ điện | E3: Điện thoại hộ tiêu thụ điện | F3: Đại diện hộ tiêu thụ | G3: Điện thoại người đại diện | H3: Nhà/ Tòa nhà | I3: T | J3: Số công tơ | K3: Loại công tơ | L3: Vị trí đặt công tơ | M3: Trạm biến áp | N3: Trang | O3: Chỉ số mới | P3: Chỉ số cũ | Q3: Hệ số nhân | R3: Tổng điện năng tiêu thụ | S3: Bao cấp | T3: Điện năng tiêu thụ phải trả | U3: Đơn giá trả công ty Điện lực HBT và hao tổn đường dây | V3: Thành tiền | W3: Người thực hiện
A4: -1 | B4: -2 | C4: -3 | D4: -4 | E4: -5 | F4: -6 | G4: -7 | H4: -8 | I4: -9 | J4: -10 | K4: -11 | L4: -12 | M4: -13 | N4: -14 | O4: -15 | P4: -15 | Q4: -17 | R4: -18 | S4: -19 | T4: -20 | U4: -21 | V4: -22 | W4: -23
A5: 2 | B5: Kiot Trịnh Thị Thu Trang | C5: HĐKT | D5: Lô 13B KĐB - SVĐ | E5: 0359933033 | F5: Trịnh Thị Thu Trang | G5: 0986675792 | H5: SVĐ | J5: 3206 | K5: 1 pha | L5: KĐ B- SVĐ | M5: VVL | N5: 1 | O5: 5788 | P5: 5725 | Q5: 1 | R5: =(O5-P5)*Q5 -> 63 | S5: 0 | T5: =IF((R5-S5)>0,(R5-S5),0) -> 63 | U5: 4169 | V5: =T5*U5 -> 262647 | W5: Sơn
A6: 4 | B6: Chị Khánh - Dịch vụ SVĐ | C6: HĐKT | D6: Lô 14, 15 KĐB - SVĐ | F6: Chị Khánh | G6: 0975297996 | H6: SVĐ | J6: 5440 | K6: 3 pha | L6: KĐ B- SVĐ | M6: VVL | N6: 2 | O6: 135902 | P6: 134676 | Q6: 1 | R6: =(O6-P6)*Q6 -> 1226 | S6: 0 | T6: =IF((R6-S6)>0,(R6-S6),0) -> 1226 | U6: 4169 | V6: =T6*U6 -> 5111194 | W6: Sơn
A7: 5 | B7: Kiot Trịnh Thị Thu Trang | C7: HĐKT | D7: Lô 7-13A KĐB - SVĐ | E7: 0359933033 | F7: Trịnh Thị Thu Trang | G7: 0986675792 | H7: SVĐ | J7: 4220 | K7: 3 pha | L7: KĐ B- SVĐ | M7: VVL | N7: 3 | O7: 177823 | P7: 175018 | Q7: 1 | R7: =(O7-P7)*Q7 -> 2805 | S7: 0 | T7: =IF((R7-S7)>0,(R7-S7),0) -> 2805 | U7: 4169 | V7: =T7*U7 -> 11694045 | W7: Sơn
A8: 6 | B8: Kiot nướng KĐ B. Trang | C8: HĐKT | D8: Lô 456 KĐ B SVĐ | E8: 0359933033 | F8: Trịnh Thị Thu Trang | G8: 0986675792 | H8: SVĐ | J8: 9482 | K8: 3 pha | L8: KĐ B- SVĐ | M8: VVL | N8: 3 | O8: 25168 | P8: 24016 | Q8: 1 | R8: =(O8-P8)*Q8 -> 1152 | S8: 0 | T8: =IF((R8-S8)>0,(R8-S8),0) -> 1152 | U8: 4169 | V8: =T8*U8 -> 4802688 | W8: Sơn
A9: 7 | B9: Quán ăn uống giải khát c.Ly | C9: HĐKT | D9: Tầng 1 Số 10 TQB | F9: Nguyễn Hương Ly | G9: 0945656446 | H9: Số 10 TQB | J9: 5089 | K9: 3 pha | L9: Tủ tổng T1 | M9: B1 | N9: 4 | O9: 430404 | P9: 428007 | Q9: 1 | R9: =(O9-P9)*Q9 -> 2397 | S9: 0 | T9: =IF((R9-S9)>0,(R9-S9),0) -> 2397 | U9: 4169 | V9: =T9*U9 -> 9993093 | W9: Đông
A10: 8 | B10: Phòng giao dịch Trung tâm VNPT Hà Nội | C10: HĐKT | D10: Tầng 1 Số 10 TQB | E10: 38240993 | F10: Lê Ngọc Anh | G10: 0918764073 | H10: Số 10 TQB | J10: 2174 | K10: 1 pha | L10: Tầng 1 TTPV | M10: B1 | N10: 5 | O10: 81088 | P10: 80845 | Q10: 1 | R10: =(O10-P10)*Q10 -> 243 | S10: 0 | T10: =IF((R10-S10)>0,(R10-S10),0) -> 243 | U10: 4169 | V10: =T10*U10 -> 1013067 | W10: Đông
A11: 9 | B11: CLB Bi-a Phú Kỳ T2 | C11: HĐKT | D11: Tầng 2 Số 10 TQB | F11: Lan Anh | G11: 0912894948 | H11: Số 10 TQB | J11: 1738 | K11: 1 pha | L11: KTĐ T1 | M11: B1 | N11: 6 | O11: 97163 | P11: 95380 | Q11: 1 | R11: =(O11-P11)*Q11 -> 1783 | S11: 0 | T11: =IF((R11-S11)>0,(R11-S11),0) -> 1783 | U11: 4169 | V11: =T11*U11 -> 7433327 | W11: Đông
A12: 10 | B12: CLB Bi-a Yến T2 | C12: HĐKT | D12: Tầng 2 Số 10 TQB | F12: Trịnh Thị Yến | G12: 0888261868 | H12: Số 10 TQB | J12: 2709 | K12: 3 pha | L12: KTĐ T1 | M12: B1 | N12: 6 | O12: 15512 | P12: 14382 | Q12: 1 | R12: =(O12-P12)*Q12 -> 1130 | S12: 0 | T12: =IF((R12-S12)>0,(R12-S12),0) -> 1130 | U12: 4169 | V12: =T12*U12 -> 4710970 | W12: Đông
A13: 11 | B13: Siêu thị Nam Phong | C13: HĐKT | D13: Tầng 1 Số 10 TQB | F13: Nguyễn Triều Phong | G13: 0944289288 | H13: Số 10 TQB | J13: 3448 | K13: 3 pha | L13: Tầng 1 TTPV | M13: B1 | N13: 6 | O13: 473309 | P13: 470248 | Q13: 1 | R13: =(O13-P13)*Q13 -> 3061 | S13: 0 | T13: =IF((R13-S13)>0,(R13-S13),0) -> 3061 | U13: 4169 | V13: =T13*U13 -> 12761309 | W13: Đông
A14: 12 | B14: Lớp học thầy Chung T3 | C14: HĐKT | D14: Tầng 3 Số 10 TQB | F14: Nguyễn Thị Đào | G14: 0972261616 | H14: Số 10 TQB | J14: 2028 | K14: 1 pha | L14: Tầng 3 TTPV | M14: B1 | N14: 7 | O14: 12320 | P14: 11764 | Q14: 1 | R14: =(O14-P14)*Q14 -> 556 | S14: 0 | T14: =IF((R14-S14)>0,(R14-S14),0) -> 556 | U14: 4169 | V14: =T14*U14 -> 2317964 | W14: Đông
A15: 13 | B15: Văn phòng thầy Chung | C15: HĐKT | D15: Tầng 4 Số 10 TQB | E15: 0972261616 | F15: Nguyễn Thị Đào | G15: 0972261616 | H15: Số 10 TQB | J15: 9307 | K15: 3 pha | L15: Tầng 1 TTPV | M15: B1 | N15: 8 | O15: 100668 | P15: 99309 | Q15: 1 | R15: =(O15-P15)*Q15 -> 1359 | S15: 0 | T15: =IF((R15-S15)>0,(R15-S15),0) -> 1359 | U15: 4169 | V15: =T15*U15 -> 5665671 | W15: Đông
A16: 14 | B16: Vật lý siêu nhẩm tầng 3 | C16: HĐKT | D16: Tầng 3 Số 10 TQB | F16: Trần Quang Quý | G16: 0977340326 | H16: Số 10 TQB | J16: 8259 | K16: 1 pha | L16: Tầng 1 | M16: B1 | N16: 8 | O16: 7904 | P16: 7303 | Q16: 1 | R16: =(O16-P16)*Q16 -> 601 | S16: 0 | T16: =IF((R16-S16)>0,(R16-S16),0) -> 601 | U16: 4169 | V16: =T16*U16 -> 2505569 | W16: Đông
A17: 15 | B17: CLB Bi-a coffee tầng 3 | C17: HĐKT | D17: Tầng 3 Số 10 TQB | F17: Thu Hương | G17: 0912567686 | H17: Số 10 TQB | J17: 7671 | K17: 3 pha | L17: Tầng 3 | M17: B1 | N17: 9 | O17: 336037 | P17: 334264 | Q17: 1 | R17: =(O17-P17)*Q17 -> 1773 | S17: 0 | T17: =IF((R17-S17)>0,(R17-S17),0) -> 1773 | U17: 4169 | V17: =T17*U17 -> 7391637 | W17: Đông
A18: 16 | B18: Công ty CPXD Hoàng Hà | C18: HĐKT | D18: Dịch vụ trông xe - 10A TQB | E18: 0903251444 | F18: Chị Hoa | G18: 0903251444 | H18: Số 10 TQB | J18: 60755 | K18: 3 pha | L18: 10A TQB | M18: B1 | N18: 9 | O18: 189466 | P18: 186518 | Q18: 1 | R18: =(O18-P18)*Q18 -> 2948 | S18: 0 | T18: =IF((R18-S18)>0,(R18-S18),0) -> 2948 | U18: 4169 | V18: =T18*U18 -> 12290212 | W18: Đông
A19: 17 | B19: Kiot chị Hiền cổng TT Y tế | C19: HĐKT | D19: Số 5 TQB | E19: 0978819260 | F19: Chị Hiền | G19: 0915023999 | J19: 1778 | K19: 1 pha | L19: Số 5 TQB | M19: KTX | N19: 10 | O19: 86812 | P19: 86110 | Q19: 1 | R19: =(O19-P19)*Q19 -> 702 | S19: 0 | T19: =IF((R19-S19)>0,(R19-S19),0) -> 702 | U19: 4169 | V19: =T19*U19 -> 2926638 | W19: Đông
A20: 21 | B20: Công ty CP Công nghệ cao GENE Việt | C20: Công ty CP Công nghệ cao GENE Việt | D20: Tầng 11 nhà B1 | E20: 0243.7379150 | F20: Lương Thị Minh Ngoc | G20: 0977295439 | H20: B1 | J20: 1478 | K20: 3 pha | L20: KTĐ T11 | M20: B1 | N20: 11 | O20: 299403 | P20: 298845 | Q20: 1 | R20: =(O20-P20)*Q20 -> 558 | S20: 0 | T20: =IF((R20-S20)>0,(R20-S20),0) -> 558 | U20: 4169 | V20: =T20*U20 -> 2326302 | W20: Sơn
A21: 22 | B21: Cửa hàng Highlands BK | C21: Công ty CP dịch vụ và cà phê Cao Nguyên | D21: Cửa hàng Highlands B1-TĐN | E21: 0988051418 | F21: Trịnh Thị My | G21: 0948742589 | H21: B1 | J21: 90445 | K21: 3 pha | L21: KTĐ T1 | M21: B1 | N21: 12 | O21: 466332 | P21: 461613 | Q21: 1 | R21: =(O21-P21)*Q21 -> 4719 | S21: 0 | T21: =IF((R21-S21)>0,(R21-S21),0) -> 4719 | U21: 4169 | V21: =T21*U21 -> 19673511 | W21: Sơn
A22: 23 | B22: Nhà sách ADC Trần Đại Nghĩa | D22: Nhà sách B1- TĐN | F22: A Quang | G22: 0975744134 | J22: 3307 | K22: 3 pha | L22: KTĐ T1 | M22: B1 | N22: 12 | O22: 66481 | P22: 64127 | Q22: 1 | R22: =(O22-P22)*Q22 -> 2354 | S22: 0 | T22: =IF((R22-S22)>0,(R22-S22),0) -> 2354 | U22: 4169 | V22: =T22*U22 -> 9813826 | W22: Sơn
A23: 24 | B23: Khoa Việt Nam học và Tiếng việt (t thụ) | C23: Trường ĐH KHXH và NV | D23: B7 BIS phố TĐN | E23: 38694323 | F23: Lê Thị Thanh Tâm | G23: 0982886906 | H23: B7 BIS | J23: 9094, 4383 | K23: 3 pha | L23: KTĐ T1 | M23: ĐCĐT | N23: 13 | O23: 1405 | P23: 0 | Q23: 1 | R23: =(O23-P23)*Q23 -> 1405 | S23: 0 | T23: =IF((R23-S23)>0,(R23-S23),0) -> 1405 | U23: 4169 | V23: =T23*U23 -> 5857445 | W23: Đông
A24: 25 | B24: Nhà ăn T3-D2A | C24: Nhà ăn T3-D2A | D24: Tầng 3 - D2A | H24: D2A | J24: 9045 | K24: 3 pha | L24: Tầng 1 D2A | M24: TVĐT | N24: 14 | O24: 195372 | P24: 193672 | Q24: 1 | R24: =(O24-P24)*Q24 -> 1700 | S24: 0 | T24: =IF((R24-S24)>0,(R24-S24),0) -> 1700 | U24: 4169 | V24: =T24*U24 -> 7087300 | W24: Biên
A25: 28 | B25: Tạ Thanh Hằng - Photocopy | C25: HĐKT | D25: Nhà D6 | F25: Tạ Thanh Hằng | G25: 0819906149 | H25: D6 | J25: 3842 | K25: 1 pha | L25: T1 D6 | M25: TVĐT | N25: 15 | O25: 44919 | P25: 44583 | Q25: 1 | R25: =(O25-P25)*Q25 -> 336 | S25: 0 | T25: =IF((R25-S25)>0,(R25-S25),0) -> 336 | U25: 4169 | V25: =T25*U25 -> 1400784 | W25: Biên
A26: 29 | B26: Nhà sách BK | C26: Nhà xuất bản BK | D26: Lô 2,3,4 tầng 1-A17 | E26: 38684569 | F26: Hoàng Tuấn Bằng | G26: 0915805666 | H26: A17 | J26: 0566 | K26: 3 pha | L26: Tủ ĐN1 | M26: B1 | N26: 18 | O26: 317660 | P26: 316439 | Q26: 1 | R26: =(O26-P26)*Q26 -> 1221 | S26: 0 | T26: =IF((R26-S26)>0,(R26-S26),0) -> 1221 | U26: 4169 | V26: =T26*U26 -> 5090349 | W26: Đông
A27: 30 | B27: Nhà sách BK | C27: Nhà xuất bản BK | D27: Lô 1, tầng 1- A17 | E27: 36230568 | F27: Hoàng Tuấn Bằng | G27: 0915805666 | H27: A17 | J27: 5125 | K27: 1 pha | L27: Tủ ĐN1 | M27: B1 | N27: 18 | O27: 33796 | P27: 33002 | Q27: 1 | R27: =(O27-P27)*Q27 -> 794 | S27: 0 | T27: =IF((R27-S27)>0,(R27-S27),0) -> 794 | U27: 4169 | V27: =T27*U27 -> 3310186 | W27: Đông
A28: 31 | B28: Nhà xuất bản BK | C28: Nhà xuất bản BK | D28: Nhà E | E28: 38684569 | F28: Chị Liễu | H28: A17 | J28: 0322 | K28: 3 pha | L28: Tầng 3 | M28: THCK | N28: 19 | O28: 143497 | P28: 143174 | Q28: 1 | R28: =(O28-P28)*Q28 -> 323 | S28: 0 | T28: =IF((R28-S28)>0,(R28-S28),0) -> 323 | U28: 4169 | V28: =T28*U28 -> 1346587 | W28: Đông
A29: 32 | B29: Bưu điện BK | C29: Bưu điện BK | D29: Lô 12, tầng 1- A17 | E29: 0834214946 | F29: Ngọc | G29: 0834214946 | H29: A17 | J29: 8820 | K29: 1 pha | L29: Tủ ĐN2 | M29: B1 | N29: 20 | O29: 89688 | P29: 89562 | Q29: 1 | R29: =(O29-P29)*Q29 -> 126 | S29: 0 | T29: =IF((R29-S29)>0,(R29-S29),0) -> 126 | U29: 4169 | V29: =T29*U29 -> 525294 | W29: Đông
A30: 33 | B30: Siêu thị MINI BK | C30: HĐKT | D30: Lô 11, tầng 1- A17 | F30: Đỗ Đ.Tâm (Q.Anh) | G30: 0976596779 | H30: A17 | J30: 9838 | K30: 3 pha | L30: Tủ ĐN2 | M30: B1 | N30: 20 | O30: 125079 | P30: 122675 | Q30: 1 | R30: =(O30-P30)*Q30 -> 2404 | S30: 0 | T30: =IF((R30-S30)>0,(R30-S30),0) -> 2404 | U30: 4169 | V30: =T30*U30 -> 10022276 | W30: Đông
A31: 34 | B31: Bún cá Anh Sơn | C31: HĐKT | D31: Lô 10, tầng 1-A17 | F31: Anh Sơn | G31: 0936865486 | H31: A17 | J31: 1735 | K31: 3 pha | L31: Tủ ĐN2 | M31: B1 | N31: 21 | O31: 159004 | P31: 157022 | Q31: 1 | R31: =(O31-P31)*Q31 -> 1982 | S31: 0 | T31: =IF((R31-S31)>0,(R31-S31),0) -> 1982 | U31: 4169 | V31: =T31*U31 -> 8262958 | W31: Đông
A32: 35 | B32: Kiot hàng ăn - A Bình A17 | C32: HĐKT | D32: Lô 9, tầng 1 A17 | E32: 912212968 | F32: Nguyễn Thái Bình | G32: 912212968 | H32: A17 | J32: 1324 | K32: 3 pha | L32: Tủ ĐN2 | M32: ĐCĐT | N32: 19 | O32: 113371 | P32: 111552 | Q32: 1 | R32: =(O32-P32)*Q32 -> 1819 | S32: 0 | T32: =IF((R32-S32)>0,(R32-S32),0) -> 1819 | U32: 4169 | V32: =T32*U32 -> 7583411 | W32: Đông
A33: 36 | B33: Chị Duyên - photocopy | C33: HĐKT | D33: Cầu thang TC | F33: Hoàng thị Thanh Duyên | G33: 0949318686 | H33: TC | J33: 2184 | K33: 1 pha | L33: T1 TC | M33: THCK | N33: 22 | O33: 32728 | P33: 32347 | Q33: 1 | R33: =(O33-P33)*Q33 -> 381 | S33: 0 | T33: =IF((R33-S33)>0,(R33-S33),0) -> 381 | U33: 4169 | V33: =T33*U33 -> 1588389 | W33: Sơn
A34: 40 | B34: Duy Anh - photocopy | C34: HĐKT | D34: Cổng Bể bơi | F34: Duy Anh (Thu D8) | G34: 0942567886 | H34: Bể bơi | J34: 3218 | K34: 1 pha | L34: Tường ngoài | M34: B1 | N34: 23 | O34: 16492 | P34: 16026 | Q34: 1 | R34: =(O34-P34)*Q34 -> 466 | S34: 0 | T34: =IF((R34-S34)>0,(R34-S34),0) -> 466 | U34: 4169 | V34: =T34*U34 -> 1942754 | W34: Sơn
A35: 41 | B35: Nguyễn Thu Trang -Photocopy | C35: HĐKT | D35: Tầng 1 - D3 | E35: 0359933033 | F35: Nguyễn Thu Trang | G35: 0986675792 | H35: D3 | J35: 9876 | K35: 1 pha | L35: T1 D3 | M35: ĐLK | N35: 27 | O35: 60251 | P35: 59995 | Q35: 1 | R35: =(O35-P35)*Q35 -> 256 | S35: 0 | T35: =IF((R35-S35)>0,(R35-S35),0) -> 256 | U35: 4169 | V35: =T35*U35 -> 1067264 | W35: Hoàng
A36: 42 | B36: Công ty TNHH Thương mại HTP Photocopy | C36: HĐKT | D36: Tầng 1 - D3 | E36: 38694529 | F36: Anh Tuấn | G36: 0393953999 | H36: D3 | J36: 9903 | K36: 1 pha | L36: T1 D3 | M36: ĐLK | N36: 27 | O36: 20001 | P36: 19811 | Q36: 1 | R36: =(O36-P36)*Q36 -> 190 | S36: 0 | T36: =IF((R36-S36)>0,(R36-S36),0) -> 190 | U36: 4169 | V36: =T36*U36 -> 792110 | W36: Hoàng
A37: 43 | B37: Ông Nam - Photocopy | C37: HĐKT | D37: Tầng 1 - D5 | E37: 38692116 | F37: Ông Nam | G37: 0912372528 | H37: D5 | J37: 6203 | K37: 1 pha | L37: T1 D5 | M37: ĐLK | N37: 23 | O37: 16985 | P37: 16902 | Q37: 1 | R37: =(O37-P37)*Q37 -> 83 | S37: 0 | T37: =IF((R37-S37)>0,(R37-S37),0) -> 83 | U37: 4169 | V37: =T37*U37 -> 346027 | W37: Hoàng
A38: 44 | B38: Chị Phượng -Photocopy | C38: HĐKT | D38: Tầng 1 - D9 | F38: Nguyễn Thị Phượng | G38: 0942373388 | H38: D9 | J38: 9682 | K38: 1 pha | L38: T1 D9 | M38: ĐLK | N38: 29 | O38: 298 | P38: 172 | Q38: 1 | R38: =(O38-P38)*Q38 -> 126 | S38: 0 | T38: =IF((R38-S38)>0,(R38-S38),0) -> 126 | U38: 4169 | V38: =T38*U38 -> 525294 | W38: Hoàng
A39: 45 | B39: Chị Tình -Photocopy | C39: HĐKT | D39: Tầng 1 - D9 | F39: Võ Thị Tĩnh | G39: 0393245710 | H39: D9 | J39: 4881 | K39: 1 pha | L39: Tủ tổng KCN | M39: ĐLK | N39: 29 | O39: 67345 | P39: 67058 | Q39: 1 | R39: =(O39-P39)*Q39 -> 287 | S39: 0 | T39: =IF((R39-S39)>0,(R39-S39),0) -> 287 | U39: 4169 | V39: =T39*U39 -> 1196503 | W39: Hoàng
A40: 46 | B40: ĐH phòng đọc Thư viện TQB | D40: 111A | F40: Chị Quyên | G40: 0944838353 | H40: TVĐT | J40: 2172 | K40: 3 pha | L40: TV 1C | M40: TVĐT | N40: 30 | O40: 53319 | P40: 53260 | Q40: 1 | R40: =(O40-P40)*Q40 -> 59 | S40: 0 | T40: =IF((R40-S40)>0,(R40-S40),0) -> 59 | U40: 3505 | V40: =T40*U40 -> 206795 | W40: Hoàng
A41: 48 | B41: TT kỹ thuật số Pháp ngữ CNF (AUF) | D41: 227 TV TQB | F41: A Lâm | G41: 0902171933 | H41: TVĐT | J41: 0804 | K41: 1 pha | L41: TV 1D | M41: TVĐT | N41: 31 | O41: 8212 | P41: 7991 | Q41: 1 | R41: =(O41-P41)*Q41 -> 221 | S41: 0 | T41: =IF((R41-S41)>0,(R41-S41),0) -> 221 | U41: 3505 | V41: =T41*U41 -> 774605 | W41: Hoàng
A42: 49 | B42: TT kỹ thuật số Pháp ngữ CNF (AUF) | D42: Tầng 6 TV TQB | F42: A Lâm | G42: 0902171933 | H42: TVĐT | J42: 2526 | K42: 3 pha | L42: TV 1D | M42: TVĐT | N42: 31 | O42: 27925 | P42: 27822 | Q42: 1 | R42: =(O42-P42)*Q42 -> 103 | S42: 0 | T42: =IF((R42-S42)>0,(R42-S42),0) -> 103 | U42: 3505 | V42: =T42*U42 -> 361015 | W42: Hoàng
A43: 50 | B43: ĐH phòng đọc Thư viện TQB | D43: 411, 526 TV TQB | F43: Chị Quyên | G43: 0944838353 | H43: TVĐT | J43: 4311 | K43: 3 pha | L43: TV 4C | M43: TVĐT | N43: 32 | O43: 6587 | P43: 6577 | Q43: 40 | R43: =(O43-P43)*Q43 -> 400 | S43: 0 | T43: =IF((R43-S43)>0,(R43-S43),0) -> 400 | U43: 3505 | V43: =T43*U43 -> 1402000 | W43: Hoàng
A44: 51 | B44: Viện CN và KT số | D44: TV 609 | F44: C Hòa | G44: 091 4343833 | H44: TVĐT | J44: 10004862 | K44: 3 pha | L44: TV 6C | M44: TVĐT | N44: 32 | O44: 21637 | P44: 20899 | Q44: 1 | R44: =(O44-P44)*Q44 -> 738 | S44: 0 | T44: =IF((R44-S44)>0,(R44-S44),0) -> 738 | U44: 3505 | V44: =T44*U44 -> 2586690
A45: 52 | B45: Viện CN và KT số (MB) | D45: D2D tầng 1 | F45: C Hòa | G45: 091 4343833 | H45: D2D | J45: 4332 | K45: 3 pha | L45: D2D T1 | M45: TVĐT | N45: 27 | O45: 9455 | P45: 9107 | Q45: 1 | R45: =(O45-P45)*Q45 -> 348 | S45: 0 | T45: =IF((R45-S45)>0,(R45-S45),0) -> 348 | U45: 3505 | V45: =T45*U45 -> 1219740
A46: 53 | B46: Viện NC và ứng dụng TTNT | D46: TV 618 | F46: A Sơn | G46: 0947279988 | H46: TVĐT | J46: 80529 | K46: 3 pha | L46: TV 6C | M46: TVĐT | N46: 27 | O46: 13150 | P46: 10707 | Q46: 1 | R46: =(O46-P46)*Q46 -> 2443 | S46: 0 | T46: =IF((R46-S46)>0,(R46-S46),0) -> 2443 | U46: 3505 | V46: =T46*U46 -> 8562715
A47: 54 | B47: ELEARNING CENTER | C47: TT tâm chuyển đổi số | D47: 915 TVĐT | F47: Lê Huy Cường | G47: 0912265004 | H47: TVĐT | J47: 1793 | K47: 3 pha | L47: TV 9D | M47: TVĐT | N47: 37 | O47: 163512 | P47: 163403 | Q47: 1 | R47: =(O47-P47)*Q47 -> 109 | S47: 0 | T47: =IF((R47-S47)>0,(R47-S47),0) -> 109 | U47: 3505 | V47: =T47*U47 -> 382045 | W47: Hoàng
A48: 56 | B48: Quán tròn C9 | C48: HĐKT | D48: C9 | F48: Nguyễn Thu Lương | G48: 0913521321 | H48: C9 | J48: 5545 | K48: 1 pha | L48: Quán tròn C9 | M48: BK3B | N48: 28 | O48: 60431 | P48: 60132 | Q48: 1 | R48: =(O48-P48)*Q48 -> 299 | S48: 0 | T48: =IF((R48-S48)>0,(R48-S48),0) -> 299 | U48: 4169 | V48: =T48*U48 -> 1246531 | W48: Biên
A49: 57 | B49: Quán tròn C5 | C49: HĐKT | D49: C5 | F49: Nguyễn Thu Lương | G49: 0913521321 | H49: C5 | J49: 6385 | K49: 1 pha | L49: Quán tròn C5 | M49: BK2 | N49: 29 | O49: 35460 | P49: 35314 | Q49: 1 | R49: =(O49-P49)*Q49 -> 146 | S49: 0 | T49: =IF((R49-S49)>0,(R49-S49),0) -> 146 | U49: 4169 | V49: =T49*U49 -> 608674 | W49: Biên
A50: 58 | B50: Viện NCCN không gian và dưới nước | C50: Viện NCCN không gian và dưới nước | D50: D8 Tầng 6 | E50: 38693782 | F50: A Hưng | G50: 0379997777 | H50: D8 | J50: 0931 | K50: 3 pha | L50: KTĐ T6 | M50: D8 | N50: 31 | O50: 133976 | P50: 129328 | Q50: 1 | R50: =(O50-P50)*Q50 -> 4648 | S50: 0 | T50: =IF((R50-S50)>0,(R50-S50),0) -> 4648 | U50: 3505 | V50: =T50*U50 -> 16291240 | W50: Biên
A51: 59 | B51: Viện NCCN không gian và dưới nước | C51: Viện NCCN không gian và dưới nước | D51: D8 Tầng 11 | E51: 38693782 | F51: A Hưng | G51: 0379997777 | H51: D8 | J51: 1624 | K51: 3 pha | L51: KTĐ T11 | M51: D8 | N51: 30 | O51: 16065 | P51: 15742 | Q51: 1 | R51: =(O51-P51)*Q51 -> 323 | S51: 0 | T51: =IF((R51-S51)>0,(R51-S51),0) -> 323 | U51: 3505 | V51: =T51*U51 -> 1132115 | W51: Biên
A52: 60 | B52: Văn phòng GIZ | C52: HĐKT | D52: Số 1 - Ngõ 17 TQB | E52: 36230351 | F52: Lê Thị Hạnh | G52: 0915678432 | H52: Ngõ 17 | J52: 4061 | K52: 3 pha | L52: Nhà khách | M52: THCK | N52: 30 | O52: 42022 | P52: 41397 | Q52: 1 | R52: =(O52-P52)*Q52 -> 625 | S52: 0 | T52: =IF((R52-S52)>0,(R52-S52),0) -> 625 | U52: 4169 | V52: =T52*U52 -> 2605625 | W52: Đông
A53: 61 | B53: Quán tròn C10B | C53: HĐKT | D53: C10B | F53: C Khánh | G53: 0976636216 | J53: 9504 | K53: 1 pha | L53: Quán tròn C10B | M53: BK2 | N53: 31 | O53: 38244 | P53: 37728 | Q53: 1 | R53: =(O53-P53)*Q53 -> 516 | S53: 0 | T53: =IF((R53-S53)>0,(R53-S53),0) -> 516 | U53: 4169 | V53: =T53*U53 -> 2151204
A54: 64 | B54: TT Đào tạo liên tục - phòng máy TV (D) | C54: TT Đào tạo liên tục | D54: TV TQB | E54: 38693782 | F54: Nguyễn Tiến Dũng | G54: 0988355343 | H54: TVĐT | J54: 1724 | K54: 3 pha | L54: KTĐ D | M54: TVĐT | N54: 37 | O54: 49019 | P54: 46144 | Q54: 1 | R54: =(O54-P54)*Q54 -> 2875 | S54: 0 | T54: =IF((R54-S54)>0,(R54-S54),0) -> 2875 | U54: 3505 | V54: =T54*U54 -> 10076875 | W54: Hoàng
A55: 65 | B55: TT Đào tạo liên tục - phòng máy TV ( C) | C55: TT Đào tạo liên tục | D55: TV TQB | E55: 38693782 | F55: Nguyễn Tiến Dũng | G55: 0988355343 | H55: TVĐT | J55: 6333 | K55: 3 pha | L55: KTĐ C | M55: TVĐT | N55: 37 | O55: 69237 | P55: 66378 | Q55: 1 | R55: =(O55-P55)*Q55 -> 2859 | S55: 0 | T55: =IF((R55-S55)>0,(R55-S55),0) -> 2859 | U55: 3505 | V55: =T55*U55 -> 10020795 | W55: Hoàng
A56: 66 | B56: Trung tâm y tế (t thụ) | C56: TT Y tế | D56: Số 5 TQB | F56: Trương Hữu Ninh | G56: 0912772168 | J56: 3833 | K56: 3 pha | L56: Tủ tổng TT | M56: KTX | N56: 37 | O56: 2759 | P56: 0 | Q56: 1 | R56: =(O56-P56)*Q56 -> 2759 | S56: 0 | T56: =IF((R56-S56)>0,(R56-S56),0) -> 2759 | U56: 3505 | V56: =T56*U56 -> 9670295 | W56: Đông
A57: 67 | B57: Trung tâm KTX (t thụ) | D57: KTX | E57: 38692942 | F57: Phạm Đắc Huấn | G57: 0912998468 | H57: KTX | J57: 2148 | K57: 3 pha | M57: KTX | N57: 38 | O57: 121542 | P57: 0 | Q57: 1 | R57: =O57 -> 121542 | S57: 0 | T57: =IF((R57-S57)>0,(R57-S57),0) -> 121542 | U57: 2664 | W57: Đông
A58: 118 | B58: Trung tâm Ngôn ngữ và trao đổi học thuật C3B | C58: TT Ngôn ngữ và trao đổi học thuật | D58: C3B | F58: Vũ Hiền Phương | G58: 0987439889 | H58: C3B | J58: 7971 | K58: 3 pha | L58: ĐCĐT | M58: ĐCĐT | N58: 48 | O58: 6649 | P58: 6601 | Q58: 50 | R58: =(O58-P58)*Q58 -> 2400 | S58: 0 | T58: =IF((R58-S58)>0,(R58-S58),0) -> 2400 | U58: 3505 | V58: =T58*U58 -> 8412000 | W58: Đông
A59: 119 | B59: Trung tâm Ngôn ngữ và trao đổi học thuật TVĐT | C59: TT Ngôn ngữ và trao đổi học thuật | D59: Phòng 228-Thư viện TQB | E59: 36231722 | F59: Vũ Hiền Phương | G59: 0987439889 | H59: TVĐT | J59: 3543 | K59: 1 pha | L59: P228 | M59: TVĐT | N59: 48 | O59: 112635 | P59: 112317 | Q59: 1 | R59: =(O59-P59)*Q59 -> 318 | S59: 0 | T59: =IF((R59-S59)>0,(R59-S59),0) -> 318 | U59: 3505 | V59: =T59*U59 -> 1114590 | W59: Hoàng
A60: 120 | B60: Trung tâm Ngôn ngữ và trao đổi học thuật D2C | C60: TT Ngôn ngữ và trao đổi học thuật | D60: D2C | E60: 38682179 | F60: Vũ Hiền Phương | G60: 0987439889 | H60: D2C | J60: 9514 | K60: 3 pha | L60: Tủ tổng TT | M60: BK3B | N60: 48 | O60: 151180 | P60: 148596 | Q60: 1 | R60: =(O60-P60)*Q60 -> 2584 | S60: 0 | T60: =IF((R60-S60)>0,(R60-S60),0) -> 2584 | U60: 3505 | V60: =T60*U60 -> 9056920 | W60: Biên
A61: 122 | B61: Trung tâm Ngôn ngữ và trao đổi học thuật D6-Đèn quạt | C61: TT Ngôn ngữ và trao đổi học thuật | D61: Phòng 201,202- D6 | E61: 36231722 | F61: Vũ Hiền Phương | G61: 0987439889 | H61: D6 | J61: 8240 | K61: 1 pha | L61: Tầng 2 | M61: TVĐT | N61: 48 | O61: 9829 | P61: 9601 | Q61: 1 | R61: =(O61-P61)*Q61 -> 228 | S61: 0 | T61: =IF((R61-S61)>0,(R61-S61),0) -> 228 | U61: 3505 | V61: =T61*U61 -> 799140 | W61: Biên
A62: 132 | B62: Viện Kỹ thuật ĐK & TĐH T2 (c tơ 2 chiều) | C62: Viện Kỹ thuật ĐK & TĐH | D62: C1B tầng 2 | E62: 38683518 | F62: Nguyễn Quang Địch | G62: 0986329918 | H62: C1B | J62: 6085 | K62: 3 pha | L62: T2-C1B | M62: BK2 | N62: 64 | O62: 28538 | P62: 27595 | Q62: 1 | R62: =(O62-P62)*Q62 -> 943 | S62: 0 | T62: =IF((R62-S62)>0,(R62-S62),0) -> 943 | U62: 3505 | V62: =T62*U62 -> 3305215 | W62: Biên
A63: 133 | B63: Viện Kỹ thuật ĐK & TĐH T3 | C63: Viện Kỹ thuật ĐK & TĐH | D63: C1B tầng 3 | E63: 38683518 | F63: Nguyễn Quang Địch | G63: 0986329918 | H63: C1B | J63: 4248 | K63: 3 pha | L63: T3-C1B | M63: BK2 | N63: 64 | O63: 125146 | P63: 124507 | Q63: 1 | R63: =(O63-P63)*Q63 -> 639 | S63: 0 | T63: =IF((R63-S63)>0,(R63-S63),0) -> 639 | U63: 3505 | V63: =T63*U63 -> 2239695 | W63: Biên
A64: 136 | B64: TT Dịch vụ và hỗ trợ BK.1/15 | C64: TTDV và HT BK | D64: Trông xe ô tô ngõ 15 TQB | F64: Trần Thị Thu | G64: 0978817568 | H64: 15 TQB | J64: 3113 | K64: 1 pha | M64: KTX | N64: 53 | O64: 14827 | P64: 14308 | Q64: 1 | R64: =(O64-P64)*Q64 -> 519 | S64: 0 | T64: =IF((R64-S64)>0,(R64-S64),0) -> 519 | U64: 3505 | V64: =T64*U64 -> 1819095 | W64: Sơn
A65: 137 | B65: TT Dịch vụ và hỗ trợ BK.F (t thụ) | C65: TTDV và HT BK | D65: Trông xe ô tô nhà F | F65: Trần Thị Thu | G65: 0978817568 | H65: F | J65: 6460, 1098 | K65: 1 pha | M65: B1 | N65: 53 | O65: 488 | P65: 0 | Q65: 1 | R65: =(O65-P65)*Q65 -> 488 | S65: 0 | T65: =IF((R65-S65)>0,(R65-S65),0) -> 488 | U65: 3505 | V65: =T65*U65 -> 1710440 | W65: Sơn
A66: 138 | B66: TT Dịch vụ và hỗ trợ BK.C1 (t thụ) | C66: TTDV và HT BK | D66: Trông xe ô tô C1 | F66: Trần Thị Thu | G66: 0978817568 | H66: C1 | J66: 1415 | K66: 1 pha | M66: BK3 | N66: 53 | O66: 450 | P66: 0 | Q66: 1 | R66: =(O66-P66)*Q66 -> 450 | S66: 0 | T66: =IF((R66-S66)>0,(R66-S66),0) -> 450 | U66: 3505 | V66: =T66*U66 -> 1577250 | W66: Biên
A67: 139 | B67: TT Dịch vụ và hỗ trợ BK.B1 | C67: TTDV và HT BK | D67: Trông xe ô tô B1 | F67: Trần Thị Thu | G67: 0978817568 | H67: B1 | J67: 3927 | K67: 1 pha | M67: B1 | N67: 53 | O67: 26721 | P67: 26271 | Q67: 1 | R67: =(O67-P67)*Q67 -> 450 | S67: 0 | T67: =IF((R67-S67)>0,(R67-S67),0) -> 450 | U67: 3505 | V67: =T67*U67 -> 1577250 | W67: Sơn
A68: 140 | B68: TT Dịch vụ và hỗ trợ BK.17 | C68: TTDV và HT BK | D68: Trông xe ô tô nhà khách | F68: Trần Thị Thu | G68: 0978817568 | H68: Ngõ 17 | J68: 2673 | K68: 1 pha | M68: THCK | N68: 53 | O68: 29009 | P68: 28836 | Q68: 1 | R68: =(O68-P68)*Q68 -> 173 | S68: 0 | T68: =IF((R68-S68)>0,(R68-S68),0) -> 173 | U68: 3505 | V68: =T68*U68 -> 606365 | W68: Đông
A69: 141 | B69: TT Dịch vụ và hỗ trợ BK42 | C69: TTDV và HT BK | D69: Trông xe ô tô ngõ 42 | F69: Trần Thị Thu | G69: 0978817568 | H69: Ngõ 42 | J69: 4855 | K69: 1 pha | M69: THCK | N69: 53 | O69: 56896 | P69: 56829 | Q69: 1 | R69: =(O69-P69)*Q69 -> 67 | S69: 0 | T69: =IF((R69-S69)>0,(R69-S69),0) -> 67 | U69: 3505 | V69: =T69*U69 -> 234835 | W69: Sơn
A70: 142 | B70: TT Dịch vụ và hỗ trợ BK.BB | C70: TTDV và HT BK | D70: Cổng Bảo vệ - Bể bơi BK | F70: Trần Thị Thu | G70: 0978817568 | H70: Bể bơi | J70: 0651 | K70: 1 pha | L70: Phòng trực | M70: B1 | N70: 53 | O70: 22982 | P70: 22888 | Q70: 1 | R70: =(O70-P70)*Q70 -> 94 | S70: 0 | T70: =IF((R70-S70)>0,(R70-S70),0) -> 94 | U70: 3505 | V70: =T70*U70 -> 329470 | W70: Sơn
A71: 143 | B71: BK Holdings | C71: BK Holding | D71: Tầng 2 ĐN2 - A17 TQB | E71: 02436230870 | F71: BK Holdings | G71: 0906123357 | H71: A17 | J71: 5163 | K71: 3 pha | L71: Tủ ĐN2 | M71: B1 | N71: 56 | O71: 169575 | P71: 168896 | Q71: 1 | R71: =(O71-P71)*Q71 -> 679 | S71: 0 | T71: =IF((R71-S71)>0,(R71-S71),0) -> 679 | U71: 4169 | V71: =T71*U71 -> 2830751 | W71: Đông
A72: 144 | B72: BK Holdings | C72: BK Holding | D72: Tầng 2 ĐN 2 - A17 | E72: 02436230870 | F72: BK Holdings | G72: 0906123357 | H72: A17 | J72: 0757 | K72: 3 pha | L72: Tủ cầu thang T2 | M72: B1 | N72: 56 | O72: 110791 | P72: 110422 | Q72: 1 | R72: =(O72-P72)*Q72 -> 369 | S72: 0 | T72: =IF((R72-S72)>0,(R72-S72),0) -> 369 | U72: 4169 | V72: =T72*U72 -> 1538361 | W72: Đông
A73: 145 | B73: BK Holdings | C73: BK Holding | D73: Tầng 3 ĐN2 - A17 | E73: 02436230870 | F73: BK Holdings | G73: 0906123357 | H73: A17 | J73: 9357 | K73: 3 pha | L73: Tủ ĐN2 | M73: B1 | N73: 56 | O73: 639348 | P73: 638319 | Q73: 1 | R73: =(O73-P73)*Q73 -> 1029 | S73: 0 | T73: =IF((R73-S73)>0,(R73-S73),0) -> 1029 | U73: 4169 | V73: =T73*U73 -> 4289901 | W73: Đông
A74: 146 | B74: Cty CPĐT triển khai Dịch vụ CNTT & VT BK HN | C74: Nguyễn Ngọc Tuấn | D74: Tầng 5 ĐN2 - A17 | E74: 36230870 | F74: Nguyễn Ngọc Tuấn | G74: 0973253788 | H74: A17 | J74: 9497 | K74: 3 pha | L74: Tủ ĐN 2 | M74: B1 | N74: 56 | O74: 711120 | P74: 708492 | Q74: 1 | R74: =(O74-P74)*Q74 -> 2628 | S74: 0 | T74: =IF((R74-S74)>0,(R74-S74),0) -> 2628 | U74: 4169 | V74: =T74*U74 -> 10956132 | W74: Đông
A75: 147 | B75: Cty CPĐT triển khai Dịch vụ CNTT & VT BK HN | C75: Nguyễn Ngọc Tuấn | D75: Tầng 2 ĐN1- A17 | E75: 36230870 | F75: Nguyễn Ngọc Tuấn | G75: 0973253788 | H75: A17 | J75: 9277 | K75: 3 pha | L75: Tủ ĐN2 | M75: B1 | N75: 56 | O75: 345025 | P75: 343622 | Q75: 1 | R75: =(O75-P75)*Q75 -> 1403 | S75: 0 | T75: =IF((R75-S75)>0,(R75-S75),0) -> 1403 | U75: 4169 | V75: =T75*U75 -> 5849107 | W75: Đông
A76: 148 | B76: BK Holdings | C76: BK Holding | D76: Tầng 3 ĐN1 - A17 | E76: 38683713 | F76: BK Holdings | G76: 0906123357 | H76: A17 | J76: 9310 | K76: 1 pha | L76: Tủ ĐN2 | M76: B1 | N76: 56 | O76: 466012 | P76: 464354 | Q76: 1 | R76: =(O76-P76)*Q76 -> 1658 | S76: 0 | T76: =IF((R76-S76)>0,(R76-S76),0) -> 1658 | U76: 4169 | V76: =T76*U76 -> 6912202 | W76: Đông
A77: 151 | B77: Công ty CP công nghệ vật liệu và thiết bị Bách Khoa HN | C77: BK Holding | D77: Số 7 ngõ 15 - TQB | E77: 38682778 | F77: C Hằng | G77: 0345890588 | H77: Ngõ 15 | J77: 40857 | K77: 3 pha | L77: Trạm B4BK | M77: KTX | N77: 56 | O77: 155017 | P77: 154744 | Q77: 1 | R77: =(O77-P77)*Q77 -> 273 | S77: 0 | T77: =IF((R77-S77)>0,(R77-S77),0) -> 273 | U77: 4169 | V77: =T77*U77 -> 1138137 | W77: Sơn
A78: 152 | B78: Trường Cao Đẳng nghề BK -C4B | C78: BK Holding | D78: C4B | E78: 38682917 | F78: Nguyễn Khắc Kiểm | G78: 0904173826 | H78: C4B | J78: 3259 | K78: 3 pha | L78: Trạm BK2 | M78: BK2 | N78: 57 | O78: 14921 | P78: 14598 | Q78: 1 | R78: =(O78-P78)*Q78 -> 323 | S78: 0 | T78: =IF((R78-S78)>0,(R78-S78),0) -> 323 | U78: 4169 | V78: =T78*U78 -> 1346587 | W78: Đông
A79: 153 | B79: Trường Cao Đẳng nghề BK- 11 TQB | C79: BK Holding | D79: 11 TQB | E79: 38682917 | F79: Nguyễn Khắc Kiểm | G79: 0904173826 | H79: 11 TQB | J79: 80030 | K79: 3 pha | L79: Trạm B1 | M79: B1 | N79: 57 | O79: 81041 | P79: 79974 | Q79: 1 | R79: =(O79-P79)*Q79 -> 1067 | S79: 0 | T79: =IF((R79-S79)>0,(R79-S79),0) -> 1067 | U79: 4169 | V79: =T79*U79 -> 4448323 | W79: Sơn
A80: 154 | B80: Trường Cao Đẳng nghề BK - VP trường cũ | C80: BK Holding | D80: 15 TQB | E80: 38682917 | F80: Nguyễn Khắc Kiểm | G80: 0904173826 | H80: 15 TQB | J80: 1124 | K80: 3 pha | L80: Cầu thang T3 | M80: KTX | N80: 57 | O80: 98037 | P80: 96085 | Q80: 1 | R80: =(O80-P80)*Q80 -> 1952 | S80: 0 | T80: =IF((R80-S80)>0,(R80-S80),0) -> 1952 | U80: 4169 | V80: =T80*U80 -> 8137888 | W80: Sơn
A81: 155 | B81: Trường Cao Đẳng nghề BK - B4 | C81: BK Holding | D81: Tầng 2 - B4 | E81: 38682917 | F81: Nguyễn Khắc Kiểm | G81: 0904173826 | H81: B4 | J81: 3974 | K81: 1 pha | L81: T2 B4 | M81: KTX | N81: 57 | O81: 78244 | P81: 77467 | Q81: 1 | R81: =(O81-P81)*Q81 -> 777 | S81: 0 | T81: =IF((R81-S81)>0,(R81-S81),0) -> 777 | U81: 4169 | V81: =T81*U81 -> 3239313 | W81: Sơn
A82: 157 | B82: Trường Cao đẳng nghề BK - A17 | C82: BK Holding | D82: A17 Tầng 4 ĐN 2 | E82: 38682917 | F82: Nguyễn Khắc Kiểm | G82: 0904173826 | H82: A17 | J82: 5836 | K82: 3 pha | L82: Tủ ĐN2 | M82: B1 | N82: 57 | O82: 140757 | P82: 138936 | Q82: 1 | R82: =(O82-P82)*Q82 -> 1821 | S82: 0 | T82: =IF((R82-S82)>0,(R82-S82),0) -> 1821 | U82: 4169 | V82: =T82*U82 -> 7591749 | W82: Đông
A83: 158 | B83: Trường Cao đẳng nghề BK A17 | C83: BK Holding | D83: A17 tầng 4 ĐN1 | E83: 38682917 | F83: Nguyễn Khắc Kiểm | G83: 0904173826 | H83: A17 | J83: 0651 | K83: 3 pha | L83: Tủ ĐN1 | M83: B1 | N83: 57 | O83: 150508 | P83: 148709 | Q83: 1 | R83: =(O83-P83)*Q83 -> 1799 | S83: 0 | T83: =IF((R83-S83)>0,(R83-S83),0) -> 1799 | U83: 4169 | V83: =T83*U83 -> 7500031 | W83: Đông
A84: 159 | B84: Trường Cao Đẳng nghề BK - A17 | C84: BK Holding | D84: A17 Tầng 5 ĐN1 | F84: Nguyễn Khắc Kiểm | G84: 0904173826 | H84: A17 | J84: 0488 | K84: 3 pha | L84: Tủ ĐN1 | M84: B1 | N84: 57 | O84: 248920 | P84: 247568 | Q84: 1 | R84: =(O84-P84)*Q84 -> 1352 | S84: 0 | T84: =IF((R84-S84)>0,(R84-S84),0) -> 1352 | U84: 4169 | V84: =T84*U84 -> 5636488 | W84: Đông
A85: 160 | B85: Trường Cao Đẳng nghề BK - Ngõ 17 | C85: BK Holding | D85: Ngõ 17- TQB | E85: 38682917 | F85: Nguyễn Khắc Kiểm | G85: 0904173826 | H85: Ngõ 17 | J85: 3543 | K85: 3 pha | L85: Tầng 1 | M85: THCK | N85: 58 | O85: 144730 | P85: 144489 | Q85: 1 | R85: =(O85-P85)*Q85 -> 241 | S85: 0 | T85: =IF((R85-S85)>0,(R85-S85),0) -> 241 | U85: 4169 | V85: =T85*U85 -> 1004729 | W85: Đông
A86: 161 | B86: Trường Cao Đẳng nghề BK - Nhà B | C86: BK Holding | D86: Nhà B, Xưởng TH Ô tô | E86: 38682917 | F86: Nguyễn Khắc Kiểm | G86: 0904173826 | H86: B | J86: 0674 | K86: 1 pha | L86: Tầng 1 | M86: THCK | N86: 58 | O86: 33241 | P86: 32754 | Q86: 1 | R86: =(O86-P86)*Q86 -> 487 | S86: 0 | T86: =IF((R86-S86)>0,(R86-S86),0) -> 487 | U86: 4169 | V86: =T86*U86 -> 2030303 | W86: Sơn
A87: 163 | B87: Trường Cao Đẳng nghề BK-xưởng Hàn B4 | C87: BK Holding | D87: Tầng 1 sau B4 | E87: 38682917 | F87: Nguyễn Khắc Kiểm | G87: 0904173826 | H87: B4 | J87: 5823 | K87: 3 pha | L87: Xưởng hàn | M87: KTX | N87: 58 | O87: 6862 | P87: 6275 | Q87: 1 | R87: =(O87-P87)*Q87 -> 587 | S87: 0 | T87: =IF((R87-S87)>0,(R87-S87),0) -> 587 | U87: 4169 | V87: =T87*U87 -> 2447203 | W87: Sơn
A88: 164 | B88: Trường CĐN | C88: BK Holding | D88: Tầng 1 Nhà A - Phố Nguyễn Hiền | E88: 38682917 | F88: Nguyễn Khắc Kiểm | G88: 0904173826 | H88: A | J88: 3756 | K88: 3 pha | L88: Tầng 1 | M88: VVL | N88: 51 | O88: 146599 | P88: 145955 | Q88: 1 | R88: =(O88-P88)*Q88 -> 644 | S88: 0 | T88: =IF((R88-S88)>0,(R88-S88),0) -> 644 | U88: 3505 | V88: =T88*U88 -> 2257220 | W88: Sơn
A89: 165 | B89: Trường CĐN | C89: BK Holding | D89: Tầng 2,3 Nhà A- Phố Nguyễn Hiền | E89: 38682917 | F89: Nguyễn Khắc Kiểm | G89: 0904173826 | H89: A | J89: 4091 | K89: 3 pha | L89: Tầng 2 | M89: VVL | N89: 51 | O89: 107201 | P89: 106817 | Q89: 1 | R89: =(O89-P89)*Q89 -> 384 | S89: 0 | T89: =IF((R89-S89)>0,(R89-S89),0) -> 384 | U89: 3505 | V89: =T89*U89 -> 1345920 | W89: Sơn
A90: 166 | B90: Trường CĐN | C90: BK Holding | D90: T hầm, nhà A - Phố Ng Hiền | E90: 38682917 | F90: Nguyễn Khắc Kiểm | G90: 0904173826 | H90: A | J90: 2029 | K90: 3 pha | L90: Tầng 2 | M90: VVL | N90: 51 | O90: 28143 | P90: 28121 | Q90: 1 | R90: =(O90-P90)*Q90 -> 22 | S90: 0 | T90: =IF((R90-S90)>0,(R90-S90),0) -> 22 | U90: 3505 | V90: =T90*U90 -> 77110 | W90: Sơn
A91: 167 | B91: Trường THCS và THPT Tạ Quang Bửu | C91: BK Holding | D91: Nhà TC | F91: Nguyễn Trung Dũng | G91: 0906123357 | H91: TC | J91: 2130 | K91: 3 pha | L91: Cầu thang TC | M91: THCK | N91: 59 | O91: 153347 | P91: 151264 | Q91: 1 | R91: =(O91-P91)*Q91 -> 2083 | S91: 0 | T91: =IF((R91-S91)>0,(R91-S91),0) -> 2083 | U91: 3505 | V91: =T91*U91 -> 7300915 | W91: Sơn
A92: 168 | B92: Trường THCS và THPT Tạ Quang Bửu | C92: BK Holding | D92: Nhà C- Viện ĐTLT | F92: Nguyễn Trung Dũng | G92: 0906123357 | H92: TC | J92: 4607 | K92: 3 pha | L92: Sân để xe | M92: THCK | N92: 59 | O92: 152995 | P92: 151738 | Q92: 1 | R92: =(O92-P92)*Q92 -> 1257 | S92: 0 | T92: =IF((R92-S92)>0,(R92-S92),0) -> 1257 | U92: 3505 | V92: =T92*U92 -> 4405785 | W92: Sơn
A93: 169 | B93: PTN Xây dựng C3-ĐHXD | C93: Trường ĐHXD | D93: C3 tầng 1 | E93: 38692555 | F93: A Hiếu | G93: 0988630459 | H93: C3 | J93: 0041 | K93: 3 pha | L93: Trạm BK2 | M93: BK2 | N93: 60 | O93: 6396 | P93: 6364 | Q93: 40 | R93: =(O93-P93)*Q93 -> 1280 | S93: 0 | T93: =IF((R93-S93)>0,(R93-S93),0) -> 1280 | U93: 4169 | V93: =T93*U93 -> 5336320 | W93: Đông
A94: 171 | B94: PTN - Đại học Mỏ địa chất C5 | C94: Trường ĐH Mỏ địa chất | D94: C5 | E94: 38681888 | F94: Tạ Văn Minh | G94: 02438681888 | H94: C5 | J94: 4708 | K94: 3 pha | L94: Tầng 1 | M94: BK2 | N94: 81 | O94: 274810 | P94: 274540 | Q94: 1 | R94: =(O94-P94)*Q94 -> 270 | S94: 0 | T94: =IF((R94-S94)>0,(R94-S94),0) -> 270 | U94: 4169 | V94: =T94*U94 -> 1125630 | W94: Đông
A95: 172 | B95: TT nghiên cứu địa kỹ thuật Đh Mỏ | C95: Trường ĐH Mỏ địa chất | D95: C5 | F95: C Nhung | G95: 0978423004 | H95: C5 | J95: 4973 | K95: 3 pha | L95: Tầng 1 | M95: BK2 | N95: 81 | O95: 151938 | P95: 151885 | Q95: 1 | R95: =(O95-P95)*Q95 -> 53 | S95: 0 | T95: =IF((R95-S95)>0,(R95-S95),0) -> 53 | U95: 4169 | V95: =T95*U95 -> 220957 | W95: Đông
A96: 178 | B96: Ông Hướng - ĐH văn phòng BQL sân | C96: HĐKT | D96: KĐA - SVĐ | F96: Hoàng Văn Hướng | G96: 0912223464 | H96: SVĐ | J96: 6266 | K96: 1 pha | L96: KĐ A- SVĐ | M96: SVĐ | N96: 61 | O96: 36545 | P96: 35997 | Q96: 1 | R96: =(O96-P96)*Q96 -> 548 | S96: 0 | T96: =IF((R96-S96)>0,(R96-S96),0) -> 548 | U96: 4169 | V96: =T96*U96 -> 2284612 | W96: Sơn
A97: 179 | B97: Ông Hướng - Phòng tập A2 | C97: HĐKT | D97: KĐA- SVĐ | F97: Hoàng Văn Hướng | G97: 0912223464 | H97: SVĐ | J97: 5688 | K97: 1 pha | L97: KĐ A- SVĐ | M97: SVĐ | N97: 61 | O97: 96454 | P97: 96218 | Q97: 1 | R97: =(O97-P97)*Q97 -> 236 | S97: 0 | T97: =IF((R97-S97)>0,(R97-S97),0) -> 236 | U97: 4169 | V97: =T97*U97 -> 983884 | W97: Sơn
A98: 180 | B98: Ông Hướng - Đèn chiếu sân bóng nhỏ - SVĐ | C98: HĐKT | D98: Sân 5 - SVĐ | F98: Hoàng Văn Hướng | G98: 0912223464 | H98: SVĐ | J98: 8419 | K98: 1 pha | L98: KĐ A- SVĐ | M98: SVĐ | N98: 61 | O98: 38428 | P98: 38241 | Q98: 1 | R98: =(O98-P98)*Q98 -> 187 | S98: 0 | T98: =IF((R98-S98)>0,(R98-S98),0) -> 187 | U98: 4169 | V98: =T98*U98 -> 779603 | W98: Sơn
A99: 181 | B99: Ông Hướng - phòng tập A1 Bi-a | C99: HĐKT | D99: KĐA- SVĐ | F99: Hoàng Văn Hướng | G99: 0912223464 | H99: SVĐ | J99: 3476 | K99: 1 pha | L99: KĐ A- SVĐ | M99: SVĐ | N99: 61 | O99: 55782 | P99: 55533 | Q99: 1 | R99: =(O99-P99)*Q99 -> 249 | S99: 0 | T99: =IF((R99-S99)>0,(R99-S99),0) -> 249 | U99: 4169 | V99: =T99*U99 -> 1038081 | W99: Sơn
A100: 182 | B100: Ông Hướng-Phòng tập A3 | C100: HĐKT | D100: KĐA -SVĐ | F100: Hoàng Văn Hướng | G100: 0912223464 | H100: SVĐ | J100: 0357 | K100: 1 pha | L100: KĐ A- SVĐ | M100: SVĐ | N100: 61 | O100: 44350 | P100: 44231 | Q100: 1 | R100: =(O100-P100)*Q100 -> 119 | S100: 0 | T100: =IF((R100-S100)>0,(R100-S100),0) -> 119 | U100: 4169 | V100: =T100*U100 -> 496111 | W100: Sơn
A101: 183 | B101: Ông Hướng - Căng tin KĐA | C101: HĐKT | D101: KĐA - SVĐ | F101: Hoàng Văn Hướng | G101: 0912223464 | H101: SVĐ | J101: 3478 | K101: 1 pha | L101: KĐ A- SVĐ | M101: SVĐ | N101: 61 | O101: 7582 | P101: 7116 | Q101: 1 | R101: =(O101-P101)*Q101 -> 466 | S101: 0 | T101: =IF((R101-S101)>0,(R101-S101),0) -> 466 | U101: 4169 | V101: =T101*U101 -> 1942754 | W101: Sơn
...

Sheet Mẫu phiếu thông báo
A1: ĐẠI HỌC BÁCH KHOA HÀ NỘI | F1: PHIẾU THÔNG BÁO ĐIỆN TIÊU THỤ
A2: BAN CƠ SỞ VẬT CHẤT | F2: Tháng 3 năm 2025
I4: =CONCATENATE("Số phiếu: ",VLOOKUP(I6,Data!A:W,1,0)) -> Số phiếu: 206
A5: =CONCATENATE("Kính gửi: ",VLOOKUP(I6,Data!A:W,2,0)) -> Kính gửi: Công ty Viettel - Cột D8
I6: ='In phieu thu'!C6 -> 206
A7: =CONCATENATE("Địa chỉ hộ tiêu thụ: ",VLOOKUP(I6,Data!A:W,4,0),".") -> Địa chỉ hộ tiêu thụ: BTS tầng mái nhà D8. | I7: =CONCATENATE("Điện thoại: ",VLOOKUP(I6,Data!A:W,5,0),".") -> Điện thoại: .
A8: =CONCATENATE("Đại diện: ",VLOOKUP(I6,Data!A:W,6,0),".") -> Đại diện: Phạm Văn Cương. | I8: =CONCATENATE("Điện thoại: ",VLOOKUP(I6,Data!A:W,7,0),".") -> Điện thoại: 0975715666.
A10: STT | B10: Chỉ số mới | C10: Chỉ số cũ | D10: Hệ số | E10: Điện năng tiêu thụ (kWh) | F10: Bao cấp (kWh) | G10: Đơn giá (VNĐ) | H10: Thành tiền (VNĐ) | I10: =CONCATENATE("Số công tơ: ",VLOOKUP(I6,Data!A:W,10,0),".") -> Số công tơ: 3749.
A13: 1 | B13: =VLOOKUP(I6,Data!A:W,15,0) -> 10975 | C13: =VLOOKUP(I6,Data!A:W,16,0) -> 10975 | D13: =VLOOKUP(I6,Data!A:W,17,0) -> 1 | E13: =(B13-C13)*D13 -> 0 | F13: =VLOOKUP(I6,Data!A:W,19,0) -> 0 | G13: =VLOOKUP(I6,Data!A:W,21,0) -> 4169 | H13: =IF((E13-F13)>0,(E13-F13)*G13,0) -> 0 | I13: =CONCATENATE("Vị trí đặt: ",VLOOKUP(I6,Data!A:W,12,0),".") -> Vị trí đặt: Tầng 11.
I15: =CONCATENATE("TBA: ",VLOOKUP(I6,Data!A:W,13,0),".") -> TBA: BK2.
I16: =CONCATENATE("Mã sổ: ",VLOOKUP(I6,Data!A:W,8,0),".") -> Mã sổ: D8.
I17: =CONCATENATE("Trang: ",VLOOKUP(I6,Data!A:W,9,0),".") -> Trang: .
G18: Tổng cộng: | H18: =SUM(H13:H17) -> 0 | I18: Ban Cơ sở vật chất
A19: =CONCATENATE("Bằng chữ: ",doi_font(doichu(H18)),"./.") -> Bằng chữ: Không đồng./. | I19: ĐT: 024 3 868 1954
H21: Hà Nội, ngày 18 tháng 4 năm 2025
A22: BAN CƠ SỞ VẬT CHẤT | H22: NGƯỜI LẬP PHIẾU
H27: Hồ Thành Long

Sheet Phiếu thông báo
A1: ĐẠI HỌC BÁCH KHOA HÀ NỘI | F1: PHIẾU THÔNG BÁO ĐIỆN TIÊU THỤ
A2: BAN CƠ SỞ VẬT CHẤT | F2: Tháng 3 năm 2025
I4: Số phiếu: 206
A5: Kính gửi: Phòng GD Viettel - cổng Parabol
I6: 206
A7: Địa chỉ hộ tiêu thụ: Toà nhà N2, KM số 2, Đại lộ Thăng long, phường Mễ trì, quận Nam từ liêm, Thành phố Hà Nội, Việt Nam. | I7: Điện thoại: .
A8: Đại diện: Công ty TNHH MTV dịch vụ và thương mại viettelpost. | I8: Điện thoại: 0963723666.
A10: STT | B10: Chỉ số mới | C10: Chỉ số cũ | D10: Hệ số | E10: Điện năng tiêu thụ (kWh) | F10: Bao cấp (kWh) | G10: Đơn giá (VNĐ) | H10: Thành tiền (VNĐ) | I10: Số công tơ: 13833.
A13: 1 | B13: 65470 | C13: 64262 | D13: 1 | E13: 1208 | F13: 0 | G13: 4169 | H13: 5036152 | I13: Vị trí đặt: PKTĐ D4 T1.
I15: TBA: TVĐT.
I16: Mã sổ: .
I17: Trang: .
G18: Tổng cộng: | H18: 5036152 | I18: Ban Cơ sở vật chất
A19: Bằng chữ: Năm triệu ba mươi sáu ngàn một trăm năm mươi hai đồng ./. | I19: ĐT: 024 3 868 1954
H21: Hà Nội, ngày 18 tháng 4 năm 2025
A22: BAN CƠ SỞ VẬT CHẤT | H22: NGƯỜI LẬP PHIẾU
H27: Hồ Thành Long

Sheet Data
A1: BẢNG TỔNG HỢP HỘ TIÊU THỤ ĐIỆN THÁNG 6 NĂM 2025
A3: STT | B3: Hộ tiêu thụ điện | C3: Đơn vị chủ quản | D3: Địa chỉ hộ tiêu thụ điện | E3: Điện thoại hộ tiêu thụ điện | F3: Đại diện hộ tiêu thụ | G3: Điện thoại người đại diện | H3: Nhà/ Tòa nhà | I3: T | J3: Số công tơ | K3: Loại công tơ | L3: Vị trí đặt công tơ | M3: Trạm biến áp | N3: Trang | O3: Chỉ số mới | P3: Chỉ số cũ | Q3: Hệ số nhân | R3: Tổng điện năng tiêu thụ | S3: Bao cấp | T3: Điện năng tiêu thụ phải trả | U3: Đơn giá trả công ty Điện lực HBT và hao tổn đường dây | V3: Thành tiền | W3: Người thực hiện
A4: -1 | B4: -2 | C4: -3 | D4: -4 | E4: -5 | F4: -6 | G4: -7 | H4: -8 | I4: -9 | J4: -10 | K4: -11 | L4: -12 | M4: -13 | N4: -14 | O4: -15 | P4: -15 | Q4: -17 | R4: -18 | S4: -19 | T4: -20 | U4: -21 | V4: -22 | W4: -23
A5: 1 | B5: Kiot Tea & Coffee KĐ B | C5: HĐKT | D5: Lô 3 KĐB - SVĐ | F5: Nguyễn Phi Trường | G5: 0346413588 | H5: SVĐ | J5: 1711 | K5: 1 pha | L5: KĐ B- SVĐ | M5: VVL | N5: 1 | Q5: 1 | R5: =(O5-P5)*Q5 -> 0 | S5: 0 | T5: =IF((R5-S5)>0,(R5-S5),0) -> 0 | U5: 4169 | V5: =T5*U5 -> 0 | W5: Sơn
A6: 2 | B6: Kiot Trịnh Thị Thu Trang | C6: HĐKT | D6: Lô 13B KĐB - SVĐ | E6: 0359933033 | F6: Trịnh Thị Thu Trang | G6: 0986675792 | H6: SVĐ | J6: 3206 | K6: 1 pha | L6: KĐ B- SVĐ | M6: VVL | N6: 1 | O6: 5814 | P6: 5788 | Q6: 1 | R6: =(O6-P6)*Q6 -> 26 | S6: 0 | T6: =IF((R6-S6)>0,(R6-S6),0) -> 26 | U6: 4169 | V6: =T6*U6 -> 108394 | W6: Sơn
A7: 3 | B7: Anh Toàn - BM Vật liệu điện tử | C7: Viện Vật lý kỹ thuật | D7: Phòng R & D Tầng 1 nhà B | F7: A Toàn | G7: 0912258465 | H7: B | J7: 7771 | K7: 1 pha | L7: Nhà B | M7: VVL | N7: 2 | O7: 28105 | P7: 28105 | Q7: 1 | R7: =(O7-P7)*Q7 -> 0 | S7: 0 | T7: =IF((R7-S7)>0,(R7-S7),0) -> 0 | U7: 3505 | V7: =T7*U7 -> 0 | W7: Đông
A8: 4 | B8: Chị Khánh - Dịch vụ SVĐ | C8: HĐKT | D8: Lô 14, 15 KĐB - SVĐ | F8: Chị Khánh | G8: 0975297996 | H8: SVĐ | J8: 5440 | K8: 3 pha | L8: KĐ B- SVĐ | M8: VVL | N8: 2 | O8: 143496 | P8: 140187 | Q8: 1 | R8: =(O8-P8)*Q8 -> 3309 | S8: 0 | T8: =IF((R8-S8)>0,(R8-S8),0) -> 3309 | U8: 4169 | V8: =T8*U8 -> 13795221 | W8: Sơn
A9: 5 | B9: Kiot Trịnh Thị Thu Trang | C9: HĐKT | D9: Lô 7-13A KĐB - SVĐ | E9: 0359933033 | F9: Trịnh Thị Thu Trang | G9: 0986675792 | H9: SVĐ | J9: 4220 | K9: 3 pha | L9: KĐ B- SVĐ | M9: VVL | N9: 3 | O9: 188215 | P9: 184610 | Q9: 1 | R9: =(O9-P9)*Q9 -> 3605 | S9: 0 | T9: =IF((R9-S9)>0,(R9-S9),0) -> 3605 | U9: 4169 | V9: =T9*U9 -> 15029245 | W9: Sơn
A10: 6 | B10: Kiot nướng KĐ B. Trang | C10: HĐKT | D10: Lô 456 KĐ B SVĐ | E10: 0359933033 | F10: Trịnh Thị Thu Trang | G10: 0986675792 | H10: SVĐ | J10: 8737 | K10: 3 pha | L10: KĐ B- SVĐ | M10: VVL | N10: 3 | O10: 31025 | P10: 29211 | Q10: 1 | R10: =(O10-P10)*Q10 -> 1814 | S10: 0 | T10: =IF((R10-S10)>0,(R10-S10),0) -> 1814 | U10: 4169 | V10: =T10*U10 -> 7562566 | W10: Sơn
A11: 7 | B11: Quán ăn uống giải khát c.Ly | C11: HĐKT | D11: Tầng 1 Số 10 TQB | F11: Nguyễn Hương Ly | G11: 0945656446 | H11: Số 10 TQB | J11: 5089 | K11: 3 pha | L11: Tủ tổng T1 | M11: B1 | N11: 4 | O11: 439092 | P11: 436148 | Q11: 1 | R11: =(O11-P11)*Q11 -> 2944 | S11: 0 | T11: =IF((R11-S11)>0,(R11-S11),0) -> 2944 | U11: 4169 | V11: =T11*U11 -> 12273536 | W11: Đông
A12: 8 | B12: Phòng giao dịch Trung tâm VNPT Hà Nội | C12: HĐKT | D12: Tầng 1 Số 10 TQB | E12: 38240993 | F12: Lê Ngọc Anh | G12: 0918764073 | H12: Số 10 TQB | J12: 2174 | K12: 1 pha | L12: Tầng 1 TTPV | M12: B1 | N12: 5 | O12: 83158 | P12: 82313 | Q12: 1 | R12: =(O12-P12)*Q12 -> 845 | S12: 0 | T12: =IF((R12-S12)>0,(R12-S12),0) -> 845 | U12: 4169 | V12: =T12*U12 -> 3522805 | W12: Đông
A13: 9 | B13: CLB Bi-a Phú Kỳ T2 | C13: HĐKT | D13: Tầng 2 Số 10 TQB | F13: Lan Anh | G13: 0912894948 | H13: Số 10 TQB | J13: 1738 | K13: 1 pha | L13: KTĐ T1 | M13: B1 | N13: 6 | O13: 7342 | P13: 3511 | Q13: 1 | R13: =(O13-P13)*Q13 -> 3831 | S13: 0 | T13: =IF((R13-S13)>0,(R13-S13),0) -> 3831 | U13: 4169 | V13: =T13*U13 -> 15971439 | W13: Đông
A14: 10 | B14: CLB Bi-a Yến T2 | C14: HĐKT | D14: Tầng 2 Số 10 TQB | F14: Trịnh Thị Yến | G14: 0888261868 | H14: Số 10 TQB | J14: 2709 | K14: 3 pha | L14: KTĐ T1 | M14: B1 | N14: 6 | O14: 22029 | P14: 19132 | Q14: 1 | R14: =(O14-P14)*Q14 -> 2897 | S14: 0 | T14: =IF((R14-S14)>0,(R14-S14),0) -> 2897 | U14: 4169 | V14: =T14*U14 -> 12077593 | W14: Đông
A15: 11 | B15: Siêu thị Nam Phong | C15: HĐKT | D15: Tầng 1 Số 10 TQB | F15: Nguyễn Triều Phong | G15: 0944289288 | H15: Số 10 TQB | J15: 3448 | K15: 3 pha | L15: Tầng 1 TTPV | M15: B1 | N15: 6 | O15: 485846 | P15: 480771 | Q15: 1 | R15: =(O15-P15)*Q15 -> 5075 | S15: 0 | T15: =IF((R15-S15)>0,(R15-S15),0) -> 5075 | U15: 4169 | V15: =T15*U15 -> 21157675 | W15: Đông
A16: 12 | B16: Lớp học thầy Chung T3 | C16: HĐKT | D16: Tầng 3 Số 10 TQB | F16: Nguyễn Thị Đào | G16: 0972261616 | H16: Số 10 TQB | J16: 2028 | K16: 1 pha | L16: Tầng 3 TTPV | M16: B1 | N16: 7 | O16: 15509 | P16: 13898 | Q16: 1 | R16: =(O16-P16)*Q16 -> 1611 | S16: 0 | T16: =IF((R16-S16)>0,(R16-S16),0) -> 1611 | U16: 4169 | V16: =T16*U16 -> 6716259 | W16: Đông
A17: 13 | B17: Văn phòng thầy Chung | C17: HĐKT | D17: Tầng 4 Số 10 TQB | E17: 0972261616 | F17: Nguyễn Thị Đào | G17: 0972261616 | H17: Số 10 TQB | J17: 9307 | K17: 3 pha | L17: Tầng 1 TTPV | M17: B1 | N17: 8 | O17: 109970 | P17: 105798 | Q17: 1 | R17: =(O17-P17)*Q17 -> 4172 | S17: 0 | T17: =IF((R17-S17)>0,(R17-S17),0) -> 4172 | U17: 4169 | V17: =T17*U17 -> 17393068 | W17: Đông
A18: 14 | B18: Vật lý siêu nhẩm tầng 3 | C18: HĐKT | D18: Tầng 3 Số 10 TQB | F18: Trần Quang Quý | G18: 0977340326 | H18: Số 10 TQB | J18: 8259 | K18: 1 pha | L18: Tầng 1 | M18: B1 | N18: 8 | O18: 12634 | P18: 10219 | Q18: 1 | R18: =(O18-P18)*Q18 -> 2415 | S18: 0 | T18: =IF((R18-S18)>0,(R18-S18),0) -> 2415 | U18: 4169 | V18: =T18*U18 -> 10068135 | W18: Đông
A19: 15 | B19: CLB Bi-a coffee tầng 3 | C19: HĐKT | D19: Tầng 3 Số 10 TQB | F19: Thu Hương | G19: 0912567686 | H19: Số 10 TQB | J19: 7671 | K19: 3 pha | L19: Tầng 3 | M19: B1 | N19: 9 | O19: 347723 | P19: 342391 | Q19: 1 | R19: =(O19-P19)*Q19 -> 5332 | S19: 0 | T19: =IF((R19-S19)>0,(R19-S19),0) -> 5332 | U19: 4169 | V19: =T19*U19 -> 22229108 | W19: Đông
A20: 16 | B20: Công ty CPXD Hoàng Hà | C20: HĐKT | D20: Dịch vụ trông xe - 10A TQB | E20: 0903251444 | F20: Chị Hoa | G20: 0903251444 | H20: Số 10 TQB | J20: 60755 | K20: 3 pha | L20: 10A TQB | M20: B1 | N20: 9 | O20: 198968 | P20: 195768 | Q20: 1 | R20: =(O20-P20)*Q20 -> 3200 | S20: 0 | T20: =IF((R20-S20)>0,(R20-S20),0) -> 3200 | U20: 4169 | V20: =T20*U20 -> 13340800 | W20: Đông
A21: 17 | B21: Kiot chị Hiền cổng TT Y tế | C21: HĐKT | D21: Số 5 TQB | E21: 0978819260 | F21: Chị Hiền | G21: 0915023999 | J21: 1778 | K21: 1 pha | L21: Số 5 TQB | M21: KTX | N21: 10 | O21: 89343 | P21: 88393 | Q21: 1 | R21: =(O21-P21)*Q21 -> 950 | S21: 0 | T21: =IF((R21-S21)>0,(R21-S21),0) -> 950 | U21: 4169 | V21: =T21*U21 -> 3960550 | W21: Đông
A22: 18 | B22: Công ty CP XD Hoàng Hà- VP | C22: HĐKT | D22: Sau nhà A15 TQB - Văn phòng | E22: 0903251444 | F22: Chị Hoa | G22: 0903251444 | H22: A15 | J22: 4936 | K22: 3 pha | L22: Cửa ngoài VP | M22: B1 | N22: 9 | O22: 32418 | P22: 32209 | Q22: 1 | R22: =(O22-P22)*Q22 -> 209 | S22: 0 | T22: =IF((R22-S22)>0,(R22-S22),0) -> 209 | U22: 4169 | V22: =T22*U22 -> 871321 | W22: Đông
A23: 19 | B23: Công ty CP Công nghệ cao GENE Việt | C23: Công ty CP Công nghệ cao GENE Việt | D23: Tầng 11 nhà B1 | E23: 0243.7379150 | F23: Lương Thị Minh Ngoc | G23: 0977295439 | H23: B1 | J23: 1478 | K23: 3 pha | L23: KTĐ T11 | M23: B1 | N23: 11 | O23: 304740 | P23: 301434 | Q23: 1 | R23: =(O23-P23)*Q23 -> 3306 | S23: 0 | T23: =IF((R23-S23)>0,(R23-S23),0) -> 3306 | U23: 4169 | V23: =T23*U23 -> 13782714 | W23: Đông
A24: 20 | B24: Cửa hàng Highlands BK | C24: Công ty CP dịch vụ và cà phê Cao Nguyên | D24: Cửa hàng Highlands B1-TĐN | E24: 0988051418 | F24: Trịnh Thị My | G24: 0948742589 | H24: B1 | J24: 90445 | K24: 3 pha | L24: KTĐ T1 | M24: B1 | N24: 12 | O24: 493925 | P24: 481603 | Q24: 1 | R24: =(O24-P24)*Q24 -> 12322 | S24: 0 | T24: =IF((R24-S24)>0,(R24-S24),0) -> 12322 | U24: 4169 | V24: =T24*U24 -> 51370418 | W24: Đông
A25: 21 | B25: Nhà sách ADC Trần Đại Nghĩa | D25: Nhà sách B1- TĐN | F25: A Quang | G25: 0975744134 | J25: 3307 | K25: 3 pha | L25: KTĐ T1 | M25: B1 | N25: 12 | O25: 79570 | P25: 74040 | Q25: 1 | R25: =(O25-P25)*Q25 -> 5530 | S25: 0 | T25: =IF((R25-S25)>0,(R25-S25),0) -> 5530 | U25: 4169 | V25: =T25*U25 -> 23054570 | W25: Sơn
A26: 22 | B26: Khoa Việt Nam học và Tiếng việt (t thụ) | C26: Trường ĐH KHXH và NV | D26: B7 BIS phố TĐN | E26: 38694323 | F26: Lê Thị Thanh Tâm | G26: 0982886906 | H26: B7 BIS | J26: 9094, 4383 | K26: 3 pha | L26: KTĐ T1 | M26: ĐCĐT | N26: 12 | O26: 4438 | P26: 0 | Q26: 1 | R26: =(O26-P26)*Q26 -> 4438 | S26: 0 | T26: =IF((R26-S26)>0,(R26-S26),0) -> 4438 | U26: 4169 | V26: =T26*U26 -> 18502022 | W26: Biên
A27: 23 | B27: Nhà ăn T3-D2A | C27: Nhà ăn T3-D2A | D27: Tầng 3 - D2A | E27: 0982199862 | F27: A Tiến | G27: 0989483276 | H27: D2A | J27: 9045 | K27: 3 pha | L27: Tầng 1 D2A | M27: TVĐT | N27: 13 | O27: 201790 | P27: 198973 | Q27: 1 | R27: =(O27-P27)*Q27 -> 2817 | S27: 0 | T27: =IF((R27-S27)>0,(R27-S27),0) -> 2817 | U27: 4169 | V27: =T27*U27 -> 11744073 | W27: Sơn
A28: 24 | B28: TT Công nghệ Polyme Compozit và giấy | C28: Trường Vật liệu | D28: Nhà D2B | E28: 38692731 | F28: Nguyễn Thanh Liêm | G28: 0913219791 | H28: D2B | J28: 3399 | K28: 3 pha | L28: Tủ tổng | M28: BK3B | N28: 13 | O28: 11565 | P28: 11478 | Q28: 80 | R28: =(O28-P28)*Q28 -> 6960 | S28: 0 | T28: =IF((R28-S28)>0,(R28-S28),0) -> 6960 | U28: 3505 | V28: =T28*U28 -> 24394800 | W28: Sơn
A29: 25 | B29: Văn phòng cựu sinh viên | D29: D2D | F29: A Nghĩa | G29: 0943751976 | H29: D2D | J29: 7828 | K29: 3 pha | L29: Tầng 1 D2D | M29: BK3B | N29: 14 | O29: 263254 | P29: 259479 | Q29: 1 | R29: =(O29-P29)*Q29 -> 3775 | S29: 0 | T29: =IF((R29-S29)>0,(R29-S29),0) -> 3775 | U29: 3505 | V29: =T29*U29 -> 13231375 | W29: Sơn
A30: 26 | B30: Tạ Thanh Hằng - Photocopy | C30: HĐKT | D30: Nhà D6 | F30: Tạ Thanh Hằng | G30: 0819906149 | H30: D6 | J30: 3842 | K30: 1 pha | L30: T1 D6 | M30: TVĐT | N30: 14 | O30: 45965 | P30: 45614 | Q30: 1 | R30: =(O30-P30)*Q30 -> 351 | S30: 0 | T30: =IF((R30-S30)>0,(R30-S30),0) -> 351 | U30: 4169 | V30: =T30*U30 -> 1463319 | W30: Sơn
A31: 27 | B31: Nhà sách BK | C31: Nhà xuất bản BK | D31: Lô 2,3,4 tầng 1-A17 | E31: 38684569 | F31: Hoàng Tuấn Bằng | G31: 0915805666 | H31: A17 | J31: 0566 | K31: 3 pha | L31: Tủ ĐN1 | M31: B1 | N31: 15 | O31: 327826 | P31: 322893 | Q31: 1 | R31: =(O31-P31)*Q31 -> 4933 | S31: 0 | T31: =IF((R31-S31)>0,(R31-S31),0) -> 4933 | U31: 4169 | V31: =T31*U31 -> 20565677 | W31: Biên
A32: 28 | B32: Nhà sách BK | C32: Nhà xuất bản BK | D32: Lô 1, tầng 1- A17 | E32: 36230568 | F32: Hoàng Tuấn Bằng | G32: 0915805666 | H32: A17 | J32: 5125 | K32: 1 pha | L32: Tủ ĐN1 | M32: B1 | N32: 15 | O32: 37244 | P32: 35879 | Q32: 1 | R32: =(O32-P32)*Q32 -> 1365 | S32: 0 | T32: =IF((R32-S32)>0,(R32-S32),0) -> 1365 | U32: 4169 | V32: =T32*U32 -> 5690685 | W32: Biên
A33: 29 | B33: Nhà xuất bản BK | C33: Nhà xuất bản BK | D33: Nhà E | E33: 38684569 | F33: Chị Liễu | H33: A17 | J33: 0322 | K33: 3 pha | L33: Tầng 3 | M33: THCK | N33: 16 | O33: 145582 | P33: 144506 | Q33: 1 | R33: =(O33-P33)*Q33 -> 1076 | S33: 0 | T33: =IF((R33-S33)>0,(R33-S33),0) -> 1076 | U33: 4169 | V33: =T33*U33 -> 4485844 | W33: Biên
A34: 30 | B34: Bưu điện BK | C34: Bưu điện BK | D34: Lô 12, tầng 1- A17 | E34: 0834214946 | F34: Ngọc | G34: 0834214946 | H34: A17 | J34: 8820 | K34: 1 pha | L34: Tủ ĐN2 | M34: B1 | N34: 16 | O34: 90671 | P34: 90168 | Q34: 1 | R34: =(O34-P34)*Q34 -> 503 | S34: 0 | T34: =IF((R34-S34)>0,(R34-S34),0) -> 503 | U34: 4169 | V34: =T34*U34 -> 2097007 | W34: Biên
A35: 31 | B35: Siêu thị MINI BK | C35: HĐKT | D35: Lô 11, tầng 1- A17 | F35: Đỗ Đ.Tâm (Q.Anh) | G35: 0976596779 | H35: A17 | J35: 9838 | K35: 3 pha | L35: Tủ ĐN2 | M35: B1 | N35: 17 | O35: 131554 | P35: 129256 | Q35: 1 | R35: =(O35-P35)*Q35 -> 2298 | S35: 0 | T35: =IF((R35-S35)>0,(R35-S35),0) -> 2298 | U35: 4169 | V35: =T35*U35 -> 9580362 | W35: Biên
A36: 32 | B36: Bún cá Anh Sơn | C36: HĐKT | D36: Lô 10, tầng 1-A17 | F36: Anh Sơn | G36: 0936865486 | H36: A17 | J36: 1735 | K36: 3 pha | L36: Tủ ĐN2 | M36: B1 | N36: 17 | O36: 166292 | P36: 163786 | Q36: 1 | R36: =(O36-P36)*Q36 -> 2506 | S36: 0 | T36: =IF((R36-S36)>0,(R36-S36),0) -> 2506 | U36: 4169 | V36: =T36*U36 -> 10447514 | W36: Biên
A37: 33 | B37: Kiot hàng ăn - A Bình A17 | C37: HĐKT | D37: Lô 9, tầng 1 A17 | E37: 912212968 | F37: Nguyễn Thái Bình | G37: 912212968 | H37: A17 | J37: 1324 | K37: 3 pha | L37: Tủ ĐN2 | M37: ĐCĐT | N37: 18 | O37: 120940 | P37: 117880 | Q37: 1 | R37: =(O37-P37)*Q37 -> 3060 | S37: 0 | T37: =IF((R37-S37)>0,(R37-S37),0) -> 3060 | U37: 4169 | V37: =T37*U37 -> 12757140 | W37: Biên
A38: 34 | B38: Chị Duyên - photocopy | C38: HĐKT | D38: Cầu thang TC | F38: Hoàng thị Thanh Duyên | G38: 0949318686 | H38: TC | J38: 2184 | K38: 1 pha | L38: T1 TC | M38: THCK | N38: 18 | O38: 33678 | P38: 33678 | Q38: 1 | R38: =(O38-P38)*Q38 -> 0 | S38: 0 | T38: =IF((R38-S38)>0,(R38-S38),0) -> 0 | U38: 4169 | V38: =T38*U38 -> 0 | W38: Đông
A39: 35 | B39: Xưởng in ngõ 40 | C39: Trường Vật liệu | D39: Ngõ 40 Tạ Quang Bửu | F39: Anh Hưng | G39: 0913525259 | J39: 7782 | K39: 3 pha | L39: T2 TC | M39: THCK | N39: 19 | O39: 174029 | P39: 174029 | Q39: 1 | R39: =(O39-P39)*Q39 -> 0 | S39: 0 | T39: =IF((R39-S39)>0,(R39-S39),0) -> 0 | U39: 3505 | V39: =T39*U39 -> 0 | W39: Sơn
A40: 36 | B40: Công ty CP đầu tư dịch vụ Tân Hoàng Gia (Bể bơi BK) | C40: HĐKT | D40: Bể bơi BK | F40: A Thọ | G40: 0915343555 | H40: Bể bơi | J40: 7041 | K40: 3 pha | L40: T1 cầu thang | M40: B1 | N40: 19 | O40: 575714 | P40: 572824 | Q40: 1 | R40: =(O40-P40)*Q40 -> 2890 | S40: 0 | T40: =IF((R40-S40)>0,(R40-S40),0) -> 2890 | U40: 4169 | V40: =T40*U40 -> 12048410 | W40: Đông
A41: 37 | B41: Công ty CP đầu tư dịch vụ Tân Hoàng Gia (Bể bơi BK) | C41: HĐKT | D41: Bể bơi BK | F41: A Thọ | G41: 0915343555 | H41: Bể bơi | J41: 7041 | K41: 3 pha | L41: T1 cầu thang | M41: B1 | N41: 20 | O41: 578604 | P41: 575714 | Q41: 1 | R41: =(O41-P41)*Q41 -> 2890 | S41: 0 | T41: =IF((R41-S41)>0,(R41-S41),0) -> 2890 | U41: 3505 | V41: =T41*U41 -> 10129450 | W41: Đông
A42: 38 | B42: Duy Anh - photocopy | C42: HĐKT | D42: Cổng Bể bơi | F42: Duy Anh (Thu GNTB) | G42: 0942567886 | H42: Bể bơi | J42: 3218 | K42: 1 pha | L42: Tường ngoài | M42: B1 | N42: 20 | O42: 17977 | P42: 17420 | Q42: 1 | R42: =(O42-P42)*Q42 -> 557 | S42: 0 | T42: =IF((R42-S42)>0,(R42-S42),0) -> 557 | U42: 4169 | V42: =T42*U42 -> 2322133 | W42: Đông
A43: 39 | B43: Nguyễn Thu Trang -Photocopy | C43: HĐKT | D43: Tầng 1 - D3 | E43: 0359933033 | F43: Nguyễn Thu Trang | G43: 0986675792 | H43: D3 | J43: 9876 | K43: 1 pha | L43: T1 D3 | M43: ĐLK | N43: 21 | O43: 60871 | P43: 60702 | Q43: 1 | R43: =(O43-P43)*Q43 -> 169 | S43: 0 | T43: =IF((R43-S43)>0,(R43-S43),0) -> 169 | U43: 4169 | V43: =T43*U43 -> 704561 | W43: Hoàng
A44: 40 | B44: Công ty TNHH Thương mại HTP Photocopy | C44: HĐKT | D44: Tầng 1 - D3 | E44: 38694529 | F44: Anh Tuấn | G44: 0393953999 | H44: D3 | J44: 9903 | K44: 1 pha | L44: T1 D3 | M44: ĐLK | N44: 21 | O44: 20459 | P44: 20260 | Q44: 1 | R44: =(O44-P44)*Q44 -> 199 | S44: 0 | T44: =IF((R44-S44)>0,(R44-S44),0) -> 199 | U44: 4169 | V44: =T44*U44 -> 829631 | W44: Hoàng
A45: 41 | B45: Ông Nam - Photocopy | C45: HĐKT | D45: Tầng 1 - D5 | E45: 38692116 | F45: Ông Nam | G45: 0912372528 | H45: D5 | J45: 6203 | K45: 1 pha | L45: T1 D5 | M45: ĐLK | N45: 22 | O45: 17404 | P45: 17214 | Q45: 1 | R45: =(O45-P45)*Q45 -> 190 | S45: 0 | T45: =IF((R45-S45)>0,(R45-S45),0) -> 190 | U45: 4169 | V45: =T45*U45 -> 792110 | W45: Hoàng
A46: 42 | B46: Chị Phượng -Photocopy | C46: HĐKT | D46: Tầng 1 - D9 | F46: Nguyễn Thị Phượng | G46: 0942373388 | H46: D9 | J46: 9682 | K46: 1 pha | L46: T1 D9 | M46: ĐLK | N46: 22 | O46: 567 | P46: 448 | Q46: 1 | R46: =(O46-P46)*Q46 -> 119 | S46: 0 | T46: =IF((R46-S46)>0,(R46-S46),0) -> 119 | U46: 4169 | V46: =T46*U46 -> 496111 | W46: Hoàng
A47: 43 | B47: Chị Tình -Photocopy | C47: HĐKT | D47: Tầng 1 - D9 | F47: Võ Thị Tĩnh | G47: 0393245710 | H47: D9 | J47: 4881 | K47: 1 pha | L47: Tủ tổng KCN | M47: ĐLK | N47: 23 | O47: 68049 | P47: 67761 | Q47: 1 | R47: =(O47-P47)*Q47 -> 288 | S47: 0 | T47: =IF((R47-S47)>0,(R47-S47),0) -> 288 | U47: 4169 | V47: =T47*U47 -> 1200672 | W47: Hoàng
A48: 44 | B48: ĐH phòng đọc Thư viện TQB | D48: 111A | F48: Chị Quyên | G48: 0944838353 | H48: TVĐT | J48: 2172 | K48: 3 pha | L48: TV 1C | M48: TVĐT | N48: 23 | O48: 53505 | P48: 53428 | Q48: 1 | R48: =(O48-P48)*Q48 -> 77 | S48: 0 | T48: =IF((R48-S48)>0,(R48-S48),0) -> 77 | U48: 3505 | V48: =T48*U48 -> 269885 | W48: Hoàng
A49: 45 | B49: ĐH phòng đọc Thư viện TQB | D49: 304, 402, 404, 526 | F49: Chị Quyên | G49: 0944838353 | H49: TVĐT | J49: 4103 | K49: 3 pha | L49: TV 1C | M49: TVĐT | N49: 24 | O49: 283862 | P49: 283692 | Q49: 1 | R49: =(O49-P49)*Q49 -> 170 | S49: 0 | T49: =IF((R49-S49)>0,(R49-S49),0) -> 170 | U49: 3505 | V49: =T49*U49 -> 595850 | W49: Hoàng
A50: 46 | B50: TT kỹ thuật số Pháp ngữ CNF (AUF) | D50: 227 TV TQB | F50: A Lâm | G50: 0902171933 | H50: TVĐT | J50: 0804 | K50: 1 pha | L50: TV 1D | M50: TVĐT | N50: 24 | O50: 9446 | P50: 8866 | Q50: 1 | R50: =(O50-P50)*Q50 -> 580 | S50: 0 | T50: =IF((R50-S50)>0,(R50-S50),0) -> 580 | U50: 3505 | V50: =T50*U50 -> 2032900 | W50: Hoàng
A51: 47 | B51: TT kỹ thuật số Pháp ngữ CNF (AUF) | D51: Tầng 6 TV TQB | F51: A Lâm | G51: 0902171933 | H51: TVĐT | J51: 2526 | K51: 3 pha | L51: TV 1D | M51: TVĐT | N51: 25 | O51: 37554 | P51: 33915 | Q51: 1 | R51: =(O51-P51)*Q51 -> 3639 | S51: 0 | T51: =IF((R51-S51)>0,(R51-S51),0) -> 3639 | U51: 3505 | V51: =T51*U51 -> 12754695 | W51: Hoàng
A52: 48 | B52: ĐH phòng đọc Thư viện TQB | D52: 411, 526 TV TQB | F52: Chị Quyên | G52: 0944838353 | H52: TVĐT | J52: 4311 | K52: 3 pha | L52: TV 4C | M52: TVĐT | N52: 25 | O52: 7023 | P52: 6753 | Q52: 40 | R52: =(O52-P52)*Q52 -> 10800 | S52: 0 | T52: =IF((R52-S52)>0,(R52-S52),0) -> 10800 | U52: 3505 | V52: =T52*U52 -> 37854000 | W52: Hoàng
A53: 49 | B53: Viện CN và KT số | D53: TV 609 | F53: C Hòa | G53: 091 4343833 | H53: TVĐT | J53: 10004862 | K53: 3 pha | L53: TV 6C | M53: TVĐT | N53: 26 | O53: 26937 | P53: 24244 | Q53: 1 | R53: =(O53-P53)*Q53 -> 2693 | S53: 0 | T53: =IF((R53-S53)>0,(R53-S53),0) -> 2693 | U53: 3505 | V53: =T53*U53 -> 9438965 | W53: Hoàng
A54: 50 | B54: Viện CN và KT số (MB) | D54: D2D tầng 1 | F54: C Hòa | G54: 091 4343833 | H54: D2D | J54: 4332 | K54: 3 pha | L54: D2D T1 | M54: TVĐT | N54: 26 | O54: 11700 | P54: 10744 | Q54: 1 | R54: =(O54-P54)*Q54 -> 956 | S54: 0 | T54: =IF((R54-S54)>0,(R54-S54),0) -> 956 | U54: 3505 | V54: =T54*U54 -> 3350780 | W54: Sơn
A55: 51 | B55: Viện NC và ứng dụng Trí tuệ nhân tạo | D55: TV 618 | F55: A Sơn | G55: 0947279988 | H55: TVĐT | J55: 80529 | K55: 3 pha | L55: TV 6C | M55: TVĐT | N55: 27 | O55: 28474 | P55: 21226 | Q55: 1 | R55: =(O55-P55)*Q55 -> 7248 | S55: 0 | T55: =IF((R55-S55)>0,(R55-S55),0) -> 7248 | U55: 3505 | V55: =T55*U55 -> 25404240 | W55: Hoàng
A56: 52 | B56: ELEARNING CENTER | C56: TT tâm chuyển đổi số | D56: 915 TVĐT | F56: Lê Huy Cường | G56: 0912265004 | H56: TVĐT | J56: 1793 | K56: 3 pha | L56: TV 9D | M56: TVĐT | N56: 27 | O56: 164085 | P56: 163826 | Q56: 1 | R56: =(O56-P56)*Q56 -> 259 | S56: 0 | T56: =IF((R56-S56)>0,(R56-S56),0) -> 259 | U56: 3505 | V56: =T56*U56 -> 907795 | W56: Hoàng
A57: 53 | B57: Phòng KT mạng B1 | D57: Phòng KT mạng B1 T3,5,7,10 | F57: Lê Huy Cường | G57: 0912265004 | J57: 9391 | K57: 3 pha | L57: PKTD T1-B1 | M57: B1 | N57: 28 | O57: 677794 | P57: 668771 | Q57: 1 | R57: =(O57-P57)*Q57 -> 9023 | S57: 0 | V57: =T57*U57 -> 0 | W57: Đông
A58: 54 | B58: Quán tròn C9 | C58: HĐKT | D58: C9 | F58: Nguyễn Thu Lương | G58: 0913521321 | H58: C9 | J58: 5545 | K58: 1 pha | L58: Quán tròn C9 | M58: BK3B | N58: 28 | O58: 61615 | P58: 61116 | Q58: 1 | R58: =(O58-P58)*Q58 -> 499 | S58: 0 | T58: =IF((R58-S58)>0,(R58-S58),0) -> 499 | U58: 4169 | V58: =T58*U58 -> 2080331 | W58: Sơn
A59: 55 | B59: Quán tròn C5 | C59: HĐKT | D59: C5 | F59: Nguyễn Thu Lương | G59: 0913521321 | H59: C5 | J59: 6385 | K59: 1 pha | L59: Quán tròn C5 | M59: BK2 | N59: 29 | O59: 36108 | P59: 35859 | Q59: 1 | R59: =(O59-P59)*Q59 -> 249 | S59: 0 | T59: =IF((R59-S59)>0,(R59-S59),0) -> 249 | U59: 4169 | V59: =T59*U59 -> 1038081 | W59: Biên
A60: 56 | B60: Viện NCCN không gian và dưới nước | C60: Viện NCCN không gian và dưới nước | D60: D8 Tầng 6 | E60: 38693782 | F60: A Hưng | G60: 0379997777 | H60: D8 | J60: 0931 | K60: 3 pha | L60: KTĐ T6 | M60: D8 | N60: 31 | O60: 147008 | P60: 142343 | Q60: 1 | R60: =(O60-P60)*Q60 -> 4665 | S60: 0 | T60: =IF((R60-S60)>0,(R60-S60),0) -> 4665 | U60: 3505 | V60: =T60*U60 -> 16350825 | W60: Sơn
A61: 57 | B61: Viện NCCN không gian và dưới nước | C61: Viện NCCN không gian và dưới nước | D61: D8 Tầng 11 | E61: 38693782 | F61: A Hưng | G61: 0379997777 | H61: D8 | J61: 1624 | K61: 3 pha | L61: KTĐ T11 | M61: D8 | N61: 30 | O61: 18361 | P61: 17039 | Q61: 1 | R61: =(O61-P61)*Q61 -> 1322 | S61: 0 | T61: =IF((R61-S61)>0,(R61-S61),0) -> 1322 | U61: 3505 | V61: =T61*U61 -> 4633610 | W61: Sơn
A62: 58 | B62: Văn phòng GIZ | C62: HĐKT | D62: Số 1 - Ngõ 17 TQB | E62: 36230351 | F62: Lê Thị Hạnh | G62: 0915678432 | H62: Ngõ 17 | J62: 4061 | K62: 3 pha | L62: Nhà khách | M62: THCK | N62: 30 | O62: 45698 | P62: 44005 | Q62: 1 | R62: =(O62-P62)*Q62 -> 1693 | S62: 0 | T62: =IF((R62-S62)>0,(R62-S62),0) -> 1693 | U62: 4169 | V62: =T62*U62 -> 7058117 | W62: Đông
A63: 59 | B63: Quán tròn C10B | C63: HĐKT | D63: C10B | F63: C Khánh | G63: 0976636216 | J63: 9504 | K63: 1 pha | L63: Quán tròn C10B | M63: BK2 | N63: 31 | O63: 40159 | P63: 39384 | Q63: 1 | R63: =(O63-P63)*Q63 -> 775 | S63: 0 | T63: =IF((R63-S63)>0,(R63-S63),0) -> 775 | U63: 4169 | V63: =T63*U63 -> 3230975
A64: 60 | B64: Viện khoa học sức khỏe | D64: TV 626 | F64: A Phong | G64: 0988793468 | H64: TVĐT | J64: 5356 | K64: 3 pha | L64: KTĐ T1D | N64: 31 | O64: 195115 | P64: 194485 | Q64: 1 | R64: =(O64-P64)*Q64 -> 630 | S64: 0 | T64: =IF((R64-S64)>0,(R64-S64),0) -> 630 | U64: 3505 | V64: =T64*U64 -> 2208150 | W64: Hoàng
A65: 61 | B65: Trường CNTT và TT B1 (t thụ) | C65: Trường CNTT và TT | D65: B1 (Phòng máy, VP trường, VP Khoa, TT, BM) | F65: Tạ Hải Tùng | G65: 0904509467 | H65: B1 | J65: 29 công tơ | L65: KTĐ B1 | M65: B1 | N65: 36 | O65: 40125 | P65: 0 | Q65: 1 | R65: =(O65-P65)*Q65 -> 40125 | S65: 0 | T65: =IF((R65-S65)>0,(R65-S65),0) -> 40125 | U65: 2655 | V65: =T65*U65 -> 106531875 | W65: Đông
A66: 62 | B66: VP TT Đào tạo liên tục | C66: TT Đào tạo liên tục | D66: Nhà C | E66: 38693782 | F66: Nguyễn Tiến Dũng | G66: 0988355343 | H66: C | J66: 4593 | K66: 3 pha | L66: nhà C | M66: THCK | N66: 37 | O66: 147573 | P66: 145425 | Q66: 1 | R66: =(O66-P66)*Q66 -> 2148 | S66: 0 | T66: =IF((R66-S66)>0,(R66-S66),0) -> 2148 | U66: 3505 | V66: =T66*U66 -> 7528740 | W66: Đông
A67: 63 | B67: TT Đào tạo liên tục - phòng máy TC | C67: TT Đào tạo liên tục | D67: TC 309 | E67: 38693782 | F67: Nguyễn Tiến Dũng | G67: 0988355343 | H67: TC | J67: 1334 | K67: 3 pha | L67: nhà C | M67: SVĐ | N67: 37 | Q67: 1 | R67: =(O67-P67)*Q67 -> 0 | S67: 0 | T67: =IF((R67-S67)>0,(R67-S67),0) -> 0 | U67: 3505 | V67: =T67*U67 -> 0 | W67: Đông
A68: 64 | B68: TT Đào tạo liên tục - phòng máy TV (D) | C68: TT Đào tạo liên tục | D68: TV TQB | E68: 38693782 | F68: Nguyễn Tiến Dũng | G68: 0988355343 | H68: TVĐT | J68: 1724 | K68: 3 pha | L68: KTĐ D | M68: TVĐT | N68: 37 | O68: 59462 | P68: 55265 | Q68: 1 | R68: =(O68-P68)*Q68 -> 4197 | S68: 0 | T68: =IF((R68-S68)>0,(R68-S68),0) -> 4197 | U68: 3505 | V68: =T68*U68 -> 14710485 | W68: Hoàng
A69: 65 | B69: TT Đào tạo liên tục - phòng máy TV ( C) | C69: TT Đào tạo liên tục | D69: TV TQB | E69: 38693782 | F69: Nguyễn Tiến Dũng | G69: 0988355343 | H69: TVĐT | J69: 6333 | K69: 3 pha | L69: KTĐ C | M69: TVĐT | N69: 37 | O69: 78594 | P69: 75874 | Q69: 1 | R69: =(O69-P69)*Q69 -> 2720 | S69: 0 | T69: =IF((R69-S69)>0,(R69-S69),0) -> 2720 | U69: 3505 | V69: =T69*U69 -> 9533600 | W69: Hoàng
A70: 66 | B70: Trung tâm y tế (t thụ) | C70: TT Y tế | D70: Số 5 TQB | F70: Trương Hữu Ninh | G70: 0912772168 | J70: 3833 | K70: 3 pha | L70: Tủ tổng TT | M70: KTX | N70: 37 | O70: 5696 | P70: 0 | Q70: 1 | R70: =(O70-P70)*Q70 -> 5696 | S70: 0 | T70: =IF((R70-S70)>0,(R70-S70),0) -> 5696 | U70: 3505 | V70: =T70*U70 -> 19964480 | W70: Đông
A71: 67 | B71: Trung tâm KTX (t thụ) | D71: KTX | E71: 38692942 | F71: Phạm Đắc Huấn | G71: 0912998468 | H71: KTX | J71: 2148 | K71: 3 pha | M71: KTX | N71: 38 | O71: 320271 | P71: 0 | Q71: 1 | R71: =O71 -> 320271 | S71: 0 | U71: 2664 | W71: Đông
A72: 68 | B72: Phòng TN Đông cơ đốt trong - Động lực (t thụ) | C72: Trường Cơ Khí | D72: C15 | F72: Phạm Hữu Tuyến | G72: 0346504559, 0947020290 (Hạnh) | H72: C8B | J72: 7290 | K72: 3 pha | L72: Trạm ĐCĐT | M72: ĐCĐT | N72: 39 | O72: 2860 | P72: 1400 | Q72: 1 | R72: =(O72-P72)*Q72 -> 1460 | S72: 0 | T72: =IF((R72-S72)>0,(R72-S72),0) -> 1460 | U72: 3505 | V72: =T72*U72 -> 5117300 | W72: Biên
A73: 69 | B73: Phòng TN Đông cơ đốt trong - Ánh sáng | C73: Trường Cơ Khí | D73: C15 | F73: Phạm Hữu Tuyến | G73: 0346504559, 0947020290 (Hạnh) | H73: C8B | J73: 2002 | K73: 3 pha | L73: Trạm ĐCĐT | M73: ĐCĐT | N73: 39 | O73: 240 | P73: 212 | Q73: 30 | R73: =(O73-P73)*Q73 -> 840 | S73: 0 | T73: =IF((R73-S73)>0,(R73-S73),0) -> 840 | U73: 3505 | V73: =T73*U73 -> 2944200 | W73: Biên
A74: 70 | B74: TT Kỹ thuật cơ khí | C74: Trường Cơ khí | D74: T207 | E74: 38690073 | F74: A Thanh | G74: 0904526676 | H74: T | J74: 3388 | K74: 3 pha | L74: Trạm bơm | M74: THCK | N74: 40 | Q74: 1 | R74: =(O74-P74)*Q74 -> 0 | S74: 0 | T74: =IF((R74-S74)>0,(R74-S74),0) -> 0 | U74: 3505 | V74: =T74*U74 -> 0 | W74: Đông
A75: 71 | B75: TT Kỹ thuật cơ khí | C75: Trường Cơ khí | D75: T - 101 Phòng CNC công nghiệp | E75: 38692983 | F75: A Thanh | G75: 0904526676 | H75: T | J75: 5428 | K75: 3 pha | L75: Trong phòng | M75: THCK | N75: 40 | O75: 96911 | P75: 96911 | Q75: 1 | R75: =(O75-P75)*Q75 -> 0 | S75: 0 | T75: =IF((R75-S75)>0,(R75-S75),0) -> 0 | U75: 3505 | V75: =T75*U75 -> 0 | W75: Đông
A76: 72 | B76: TT Kỹ thuật cơ khí | C76: Trường Cơ khí | D76: T - P 107 | E76: 38692983 | F76: A Thanh | G76: 0904526676 | H76: T | J76: 3723 | K76: 1 pha | L76: TĐN2 | M76: THCK | N76: 40 | O76: 32125 | P76: 31898 | Q76: 1 | R76: =(O76-P76)*Q76 -> 227 | S76: 0 | T76: =IF((R76-S76)>0,(R76-S76),0) -> 227 | U76: 3505 | V76: =T76*U76 -> 795635 | W76: Đông
A77: 73 | B77: TT Kỹ thuật cơ khí | C77: Trường Cơ khí | D77: T- Ban Phay bào | E77: 38692983 | F77: A Thanh | G77: 0904526676 | H77: T | J77: 2273 | K77: 3 pha | L77: 104- nhà T | M77: THCK | N77: 40 | O77: 35037 | P77: 35037 | Q77: 1 | R77: =(O77-P77)*Q77 -> 0 | S77: 0 | T77: =IF((R77-S77)>0,(R77-S77),0) -> 0 | U77: 3505 | V77: =T77*U77 -> 0 | W77: Đông
A78: 74 | B78: TT Kỹ thuật cơ khí | C78: Trường Cơ khí | D78: T- Ban Tiện | E78: 38692983 | F78: A Thanh | G78: 0904526676 | H78: T | J78: 1157 | K78: 3 pha | L78: Ban phay bào | M78: THCK | N78: 40 | O78: 5912 | P78: 5912 | Q78: 1 | R78: =(O78-P78)*Q78 -> 0 | S78: 0 | T78: =IF((R78-S78)>0,(R78-S78),0) -> 0 | U78: 3505 | V78: =T78*U78 -> 0 | W78: Đông
A79: 75 | B79: TT Kỹ thuật cơ khí | C79: Trường Cơ khí | D79: T- 110A PTN Hàn | E79: 38692983 | F79: A Thanh | G79: 0904526676 | H79: T | J79: 3291 | K79: 1 pha | L79: TĐN 3 | M79: THCK | N79: 41 | O79: 5424 | P79: 5424 | Q79: 1 | R79: =(O79-P79)*Q79 -> 0 | S79: 0 | T79: =IF((R79-S79)>0,(R79-S79),0) -> 0 | U79: 3505 | V79: =T79*U79 -> 0 | W79: Đông
A80: 76 | B80: TT Kỹ thuật cơ khí | C80: Trường Cơ khí | D80: T- PTN Hàn 110 | E80: 38692983 | F80: A Thanh | G80: 0904526676 | H80: T | J80: 2447 | K80: 3 pha | L80: Trong phòng | M80: THCK | N80: 41 | O80: 56126 | P80: 56126 | Q80: 1 | R80: =(O80-P80)*Q80 -> 0 | S80: 0 | T80: =IF((R80-S80)>0,(R80-S80),0) -> 0 | U80: 3505 | V80: =T80*U80 -> 0 | W80: Đông
A81: 77 | B81: PTN Động cơ đốt trong. T | C81: Trường Cơ Khí | D81: T - P111 | F81: A Thanh | G81: 0904526676 | H81: T | J81: 5191 | K81: 3 pha | L81: TĐN 3 | M81: THCK | N81: 41 | Q81: 1 | R81: =(O81-P81)*Q81 -> 0 | S81: 0 | T81: =IF((R81-S81)>0,(R81-S81),0) -> 0 | U81: 3505 | V81: =T81*U81 -> 0 | W81: Đông
A82: 78 | B82: TT Kỹ thuật cơ khí | C82: Trường Cơ khí | D82: T-101,102, nhà mái tôn | E82: 38692983 | F82: A Thanh | G82: 0904526676 | H82: T | J82: 3553 | K82: 1 pha | L82: TĐN 1 | M82: THCK | N82: 41 | O82: 14647 | P82: 14552 | Q82: 1 | R82: =(O82-P82)*Q82 -> 95 | S82: 0 | T82: =IF((R82-S82)>0,(R82-S82),0) -> 95 | U82: 3505 | V82: =T82*U82 -> 332975 | W82: Đông
A83: 79 | B83: TT Kỹ thuật cơ khí | C83: Trường Cơ khí | D83: T - 206 | E83: 38692983 | F83: A Thanh | G83: 0904526676 | H83: T | J83: 3722 | K83: 1 pha | L83: TĐN 2 | M83: THCK | N83: 41 | O83: 12325 | P83: 12221 | Q83: 1 | R83: =(O83-P83)*Q83 -> 104 | S83: 0 | T83: =IF((R83-S83)>0,(R83-S83),0) -> 104 | U83: 3505 | V83: =T83*U83 -> 364520 | W83: Đông
A84: 80 | B84: TT Kỹ thuật cơ khí | C84: Trường Cơ khí | D84: T - 207 | E84: 38692983 | F84: A Thanh | G84: 0904526676 | H84: T | J84: 3629 | K84: 1 pha | L84: TĐN2 | M84: THCK | N84: 41 | O84: 16589 | P84: 16435 | Q84: 1 | R84: =(O84-P84)*Q84 -> 154 | S84: 0 | T84: =IF((R84-S84)>0,(R84-S84),0) -> 154 | U84: 3505 | V84: =T84*U84 -> 539770 | W84: Đông
A85: 81 | B85: TT Kỹ thuật cơ khí - VP | C85: Trường Cơ khí | D85: T- 210 | E85: 38692983 | F85: A Thanh | G85: 0904526676 | H85: T | J85: 3394 | K85: 1 pha | L85: TĐN2 | M85: THCK | N85: 41 | O85: 18720 | P85: 18361 | Q85: 1 | R85: =(O85-P85)*Q85 -> 359 | S85: 0 | T85: =IF((R85-S85)>0,(R85-S85),0) -> 359 | U85: 3505 | V85: =T85*U85 -> 1258295 | W85: Đông
A86: 82 | B86: Ông Vinh, Máy MS học, Viện CK | C86: Trường Cơ Khí | D86: Khu chăn nuôi | E86: 38680073 | F86: Đặng Vũ Vinh | G86: 0982280945 | H86: T | J86: 8533 | K86: 3 pha | L86: Tủ tầng 2 | M86: ĐLK | N86: 39 | Q86: 1 | R86: =(O86-P86)*Q86 -> 0 | S86: 0 | T86: =IF((R86-S86)>0,(R86-S86),0) -> 0 | U86: 3505 | V86: =T86*U86 -> 0 | W86: Đông
A87: 83 | B87: Bộ môn Gia công vật liệu - Dụng cụ công nghiệp | C87: Trường Cơ Khí | D87: Xưởng C14B-PTN Gia công vật liệu | F87: Nguyễn Trọng Hải | G87: Hạnh: '0377659897 | H87: T | J87: 3085 | K87: 3 pha | L87: Tủ tầng 2 | M87: ĐLK | N87: 39 | Q87: 1 | R87: =(O87-P87)*Q87 -> 0 | S87: 0 | T87: =IF((R87-S87)>0,(R87-S87),0) -> 0 | U87: 3505 | V87: =T87*U87 -> 0 | W87: Đông
A88: 84 | B88: PTN Cơ điện tử | C88: Trường Cơ khí | D88: T- 212 | F88: P. Đức An | G88: 0971561418 | H88: T | J88: 2059 | K88: 1 pha | L88: Trong phòng | M88: THCK | N88: 39 | Q88: 1 | R88: =(O88-P88)*Q88 -> 0 | S88: 0 | T88: =IF((R88-S88)>0,(R88-S88),0) -> 0 | U88: 3505 | V88: =T88*U88 -> 0 | W88: Đông
A89: 85 | B89: PTN Ô tô ĐN1 | C89: Trường Cơ khí | D89: Nhà mái tôn gần hàng rào ĐN1 | F89: Đàm Hoàng Phúc | G89: 0932367577 | H89: T | J89: 3834 | K89: 1 pha | L89: TDN 1 | M89: THCK | N89: 39 | Q89: 1 | R89: =(O89-P89)*Q89 -> 0 | S89: 0 | T89: =IF((R89-S89)>0,(R89-S89),0) -> 0 | U89: 3505 | V89: =T89*U89 -> 0 | W89: Đông
A90: 86 | B90: PTN HK Vũ trụ | C90: Trường Cơ khí | D90: Nhà T-207 | F90: V Đình Quý | G90: 0987015666 | H90: T | J90: 3388 | K90: 1 pha | L90: TĐN2 | M90: THCK | N90: 41 | O90: 40309 | P90: 40158 | Q90: 1 | R90: =(O90-P90)*Q90 -> 151 | S90: 0 | T90: =IF((R90-S90)>0,(R90-S90),0) -> 151 | U90: 3505 | V90: =T90*U90 -> 529255 | W90: Đông
A91: 87 | B91: PTN thiết kế máy công cụ | C91: Trường Cơ khí | D91: T- 101A | H91: T | J91: 2473 | K91: 3 pha | L91: 101A nhà T | M91: THCK | N91: 41 | Q91: 1 | R91: =(O91-P91)*Q91 -> 0 | S91: 0 | T91: =IF((R91-S91)>0,(R91-S91),0) -> 0 | U91: 3505 | V91: =T91*U91 -> 0 | W91: Đông
A92: 88 | B92: PTN HK Vũ trụ | C92: Trường Cơ khí | D92: T-208 | F92: V Đình Quý | G92: 0987015666 | H92: T | J92: 3469 | K92: 1 pha | L92: TĐN2 | M92: THCK | N92: 41 | O92: 28037 | P92: 27912 | Q92: 1 | R92: =(O92-P92)*Q92 -> 125 | S92: 0 | T92: =IF((R92-S92)>0,(R92-S92),0) -> 125 | U92: 3505 | V92: =T92*U92 -> 438125 | W92: Đông
A93: 89 | B93: PTN Cấu tạo Ô tô | C93: Trường Cơ khí | D93: T- 107 | H93: T | J93: 2206 | K93: 3 pha | L93: ĐN2 | M93: THCK | N93: 43 | Q93: 1 | R93: =(O93-P93)*Q93 -> 0 | S93: 0 | T93: =IF((R93-S93)>0,(R93-S93),0) -> 0 | U93: 3505 | V93: =T93*U93 -> 0 | W93: Đông
A94: 90 | B94: PTN nhà máy số | C94: Trường Cơ khí | D94: D8 Tầng 11 | F94: A Dũng | G94: 0983852603 | H94: D8 | J94: 4896 | K94: 3 pha | L94: KTĐ T11 | M94: TVĐT | N94: 43 | O94: 2987 | P94: 2895 | Q94: 20 | R94: =(O94-P94)*Q94 -> 1840 | S94: 0 | T94: =IF((R94-S94)>0,(R94-S94),0) -> 1840 | U94: 3505 | V94: =T94*U94 -> 6449200 | W94: Sơn
A95: 91 | B95: PTN Thủy khí | C95: Trường Cơ khí | D95: Nhà T-P 109 | F95: Trương Việt Anh | G95: 0913516262 | H95: T | J95: 7691 | K95: 3 pha | L95: Trạm THCK | M95: THCK | N95: 43 | O95: 28945 | P95: 28804 | Q95: 1 | R95: =(O95-P95)*Q95 -> 141 | S95: 0 | T95: =IF((R95-S95)>0,(R95-S95),0) -> 141 | U95: 3505 | V95: =T95*U95 -> 494205 | W95: Đông
A96: 92 | B96: PTN Thủy khí | C96: Trường Cơ khí | D96: Nhà T-P 109 | F96: Trương Việt Anh | G96: 0913516262 | H96: T | J96: 7746 | K96: 3 pha | L96: Trạm bơm T | M96: THCK | N96: 43 | O96: 137416 | P96: 136996 | Q96: 1 | R96: =(O96-P96)*Q96 -> 420 | S96: 0 | T96: =IF((R96-S96)>0,(R96-S96),0) -> 420 | U96: 3505 | V96: =T96*U96 -> 1472100 | W96: Đông
A97: 93 | B97: PTN HK Vũ trụ | C97: Trường Cơ khí | D97: Nhà T-207 | F97: V Đình Quý | G97: 0987015666 | H97: T | J97: 4231 | K97: 3 pha | L97: Trạm bơm T | M97: THCK | N97: 43 | Q97: 1 | R97: =(O97-P97)*Q97 -> 0 | S97: 0 | T97: =IF((R97-S97)>0,(R97-S97),0) -> 0 | U97: 3505 | V97: =T97*U97 -> 0 | W97: Đông
A98: 94 | B98: Trường Cơ khí-nhà 2 tầng mới | C98: Trường Cơ khí | D98: Nhà 2 tầng sân nhà T | F98: Phạm Văn Sáng | G98: 966633683 | H98: T | J98: 0391 | K98: 3 pha | L98: Trạm điện | M98: THCK | N98: 45 | O98: 214 | P98: 190 | Q98: 100 | R98: =(O98-P98)*Q98 -> 2400 | S98: 0 | T98: =IF((R98-S98)>0,(R98-S98),0) -> 2400 | U98: 3505 | V98: =T98*U98 -> 8412000 | W98: Đông
A99: 95 | B99: PTN Ô tô | C99: Trường Cơ khí | D99: Sân trước ĐN 3 nhà T | F99: Đàm Hoàng Phúc | G99: 0932367577 | H99: T | J99: 4004 | K99: 3 pha | L99: Trạm bơm T | M99: THCK | N99: 43 | O99: 790 | P99: 765 | Q99: 40 | R99: =(O99-P99)*Q99 -> 1000 | S99: 0 | T99: =IF((R99-S99)>0,(R99-S99),0) -> 1000 | U99: 3505 | V99: =T99*U99 -> 3505000 | W99: Đông
A100: 96 | B100: Trung tâm MICA | C100: Trường Điện - Điện tử | D100: B1 904 | E100: 38683807 | F100: A Sơn | G100: 0947279988 | H100: B1 | J100: 2421 | M100: B1 | N100: 47 | O100: 19144 | P100: 18285 | Q100: 1 | R100: =(O100-P100)*Q100 -> 859 | S100: 0 | T100: =IF((R100-S100)>0,(R100-S100),0) -> 859 | U100: 3505 | V100: =T100*U100 -> 3010795 | W100: Đông
A101: 97 | B101: Trung tâm thực hành ĐTVT B4 | C101: Trường Điện - Điện tử | D101: Trung tâm thực hành B4 - số 5 TQB | F101: A Tĩnh | G101: 0904125908 | H101: B4 | J101: 11478 | K101: 1 pha | L101: TT y tế | M101: KTX | N101: 51 | Q101: 1 | R101: =(O101-P101)*Q101 -> 0 | S101: 0 | T101: =IF((R101-S101)>0,(R101-S101),0) -> 0 | U101: 3505 | V101: =T101*U101 -> 0 | W101: Đông
...

Sheet Ban  in so
A1: BẢNG TỔNG HỢP HỘ TIÊU THỤ ĐIỆN THÁNG 01 NĂM 2020
A3: STT | B3: Hộ tiêu thụ điện | C3: Đơn vị chủ quản | D3: Địa chỉ hộ tiêu thụ điện | E3: Điện thoại hộ tiêu thụ điện | F3: Đại diện hộ tiêu thụ | G3: Điện thoại người đại diện | H3: Mã quyển | I3: Trang | J3: Số công tơ | K3: Loại công tơ | L3: Vị trí đặt công tơ | M3: Trạm biến áp | N3: HSN | O3: CSM | P3: CSC
A4: 1 | B4: Cty CPĐT triển khai Dịch vụ Công nghệ thông tin & VT Bách Khoa Hà Nội | C4: Cty CPĐT triển khai Dịch vụ Công nghệ thông tin & VT Bách Khoa Hà Nội | D4: Phòng 501, 502 - D5 | E4: 36230870 | F4: Nguyễn Ngọc Tuấn | G4: 0973253788 | J4: 3564 | K4: 1 pha | L4: Tầng 5 D5 | M4: ĐLK | N4: 1 | O4: 48551 | P4: 48551
A5: 2 | B5: Cty CPĐT triển khai Dịch vụ Công nghệ thông tin & VT Bách Khoa Hà Nội | C5: Cty CPĐT triển khai Dịch vụ Công nghệ thông tin & VT Bách Khoa Hà Nội | D5: Phòng 501, 502 - D5 | E5: 36230870 | F5: Nguyễn Ngọc Tuấn | G5: 0973253788 | J5: 8306 | K5: 1 pha | L5: Tầng 5 D5 | M5: ĐLK | N5: 1 | O5: 48198 | P5: 48198
A6: 3 | B6: Cty CPĐT triển khai Dịch vụ Công nghệ thông tin & VT Bách Khoa Hà Nội | C6: Cty CPĐT triển khai Dịch vụ Công nghệ thông tin & VT Bách Khoa Hà Nội | D6: Tầng 5 - ĐN 2 Nhà A17 | E6: 36230870 | F6: Nguyễn Ngọc Tuấn | G6: 0973253788 | J6: 9497 | K6: 3 pha | L6: Tủ ĐN 2 | M6: B1 | N6: 1 | O6: 453883 | P6: 451798
A7: 4 | B7: Ông Dũng - BKHolding | C7: BK Holding | D7: Tầng 2 ĐN2 - Nhà A17 TQB | F7: Nguyễn Trung Dũng | G7: 0913534544 | J7: 5163 | K7: 3 pha | L7: Tủ ĐN2 | M7: B1 | N7: 1 | O7: 99205 | P7: 98401
A8: 5 | B8: Bưu điện Bách Khoa | C8: BK Holding | D8: Phòng 8 Tầng 1 - Nhà A17 TQB | E8: 38680003 | F8: chị Ngọc | G8: 0834214946 | J8: 8820 | K8: 3 pha | L8: Tủ ĐN2 | M8: B1 | N8: 1 | O8: 56199 | P8: 55842
A9: 6 | B9: BK Holding | C9: BK Holding | D9: ĐN 2 Tầng 2- Nhà A17 | F9: Nguyễn Trung Dũng | G9: 0906123357 | J9: 0757 | K9: 3 pha | L9: Tủ cầu thang T2 | M9: B1 | N9: 1 | O9: 61945 | P9: 61623
A10: 7 | B10: BK Holding | C10: BK Holding | D10: Tầng 3 ĐN2 - A17 | E10: 38683713 | F10: Nguyễn Trung Dũng | G10: 0906123357 | J10: 9357 | K10: 3 pha | L10: Tủ ĐN2 | M10: B1 | N10: 1 | O10: 391339 | P10: 389910
A11: 8 | B11: Trường THCS và THPT Tạ Quang Bửu | C11: BK Holding | D11: Nhà C- Viện ĐTLT | F11: Nguyễn Trung Dũng | G11: 0906123357 | J11: 23720 | K11: 3 pha | L11: TBA SVĐ | M11: SVĐ | N11: 100 | O11: 6879 | P11: 6821
A12: 9 | B12: Trường THCS - THPT Tạ Quang Bửu | C12: BK Holding | D12: Nhà C | F12: Nguyễn Trung Dũng | G12: 0906123357 | J12: 0319 | K12: 3 pha | L12: Hầm nhà C | M12: THCK | N12: 1 | O12: 579923 | P12: 579042
A13: 10 | B13: Trường THCS - THPT Tạ Quang Bửu | C13: BK Holding | D13: Nhà C | F13: Nguyễn Trung Dũng | G13: 0906123357 | J13: 2130 | K13: 3 pha | M13: THCK | N13: 1 | O13: 47280 | P13: 47001
A14: 11 | B14: Genetic | C14: BK Holding | D14: Tầng 2 ĐN 1- A17 | E14: 38681016 | F14: Trịnh Hữu Ngọc | G14: 0983366466 | J14: 9277 | K14: 1 pha | L14: Tủ ĐN2 | M14: B1 | N14: 1 | O14: 175447 | P14: 174008
A15: 12 | B15: BK Holding | C15: BK Holding | D15: Tầng 3 ĐN 1- A17 | E15: 38681016 | F15: Trịnh Hữu Ngọc | G15: 0983366466 | J15: 9310 | K15: 3 pha | L15: Tủ ĐN2 | M15: B1 | N15: 1 | O15: 188916 | P15: 186510
A18: 15 | B18: Công ty CP XD Hồng Hà | C18: Công ty CP XD Hồng Hà | D18: Nhà A15 TQB | E18: 0903251444 | F18: chị Hoa | G18: 0903251444 | J18: 4936 | K18: 1 pha | L18: Tủ PP Trạm B1 | M18: B1 | N18: 1 | O18: 24535 | P18: 24117
A19: 16 | B19: Công ty CP XD Hồng Hà | C19: Công ty CP XD Hồng Hà | D19: Dịch vụ trông xe - 10 A TQB | E19: 0903251444 | F19: Chị Hoa | G19: 0903251444 | J19: 60755 | K19: 3 pha | L19: 10A TQB | M19: B1 | N19: 1 | O19: 91236 | P19: 90531
A20: 17 | B20: Công ty CP Thân thiện Môi trường Bách Khoa | C20: Công ty CP Thân thiện Môi trường Bách Khoa | D20: Nhà phụ D6-B | F20: Ông Tạ Văn Sơn | G20: 0903225372 | J20: 6771 | K20: 3 pha | L20: Tủ tổng PTN | M20: TVĐT | N20: 1 | O20: 60870 | P20: 60670
A21: 18 | B21: Công ty TNHH Sản xuất sạch VN | C21: Công ty TNHH sản xuất sạch VN | D21: P 625 - TV TQB | F21: Ông Trần Văn Nhân | G21: 0903444741 | J21: 4 CT loại 226,687,226, 1226 | L21: KTĐ C6 | M21: TVĐT | N21: 1 | O21: 1101 | P21: 946
A22: 19 | B22: Công ty TNHH SX sạch VN | C22: Công ty TNHH sản xuất sạch VN | D22: Tầng 4 - C10 | E22: 38681686 | F22: Ông Trần Văn Nhân | G22: 0903444741 | J22: 2484 | K22: 3 pha | L22: Tầng 4 C10 | M22: BK1 | N22: 1 | O22: 0 | P22: 0
A23: 20 | B23: Công ty Cổ phần Cơ khí chính xác | C23: Công ty Cổ phần Cơ khí chính xác | D23: Xưởng C8b | E23: 38692332 | F23: Nguyễn Chí Hưng | G23: 0974041888 | J23: 7269 | K23: 3 pha | L23: Tủ tổng xưởng | M23: BK1 | N23: 40 | O23: 15724 | P23: 15690
A24: 166 | B24: Công ty Cơ khí chính xác | C24: Viện Cơ khí | F24: Nguyễn Chí Hưng | G24: 0974041888 | J24: 2453 | K24: 3 pha | L24: Trong xưởng | M24: KTX | N24: 1 | P24: 117987
A25: 167 | B25: Công ty Cơ khí chính xác | C25: Viện Cơ khí | F25: Nguyễn Chí Hưng | G25: 0974041888 | J25: 6837 | K25: 3 pha | L25: Tủ tổng A15 | M25: KTX | N25: 1 | P25: 205115
A28: 21 | B28: Anh Tuấn (Công ty TNHH chuyển giao & công nghệ Bách Khoa) | C28: Cty TNHH MTV tư vấn và CGCN BK | D28: Số 5- Ngõ 15 - TQB | E28: 38692384 | F28: Anh Tuấn | G28: 0915629488 | J28: 2278 | K28: 3 pha | L28: Cầu thang | M28: KTX | N28: 1 | P28: 44329
A29: 22 | B29: Khoa Tiếng Việt- ĐHKHXH & NV | C29: ĐH KHXH& NV - Khoa Tiếng Việt | D29: B7 Bis | E29: 38694323 | F29: Ông Nam | G29: 0912482100 | J29: 9094 | K29: 3 pha | L29: Tầng 1- Khoa TV | M29: BK1 | N29: 1 | O29: 2155 | P29: 0
A30: 23 | B30: Phòng giao dịch chi nhánh Hà Thành | C30: Ngân hàng TMCP Đầu tư và Phát triển chi nhánh Hà Thành | D30: Phòng 4 Tầng 1 - Nhà A17 TQB | E30: 38683907 | F30: Nguyễn Thị Đông | G30: 0915344727 | J30: 9278 | K30: 1 pha | L30: Tủ ĐN1 | M30: B1 | N30: 1 | O30: 115119 | P30: 113401
A31: 24 | B31: ATM BIDV chi nhánh Hà Thành | C31: Ngân hàng TMCP Đầu tư và Phát triển chi nhánh Hà Thành | D31: ATM - D3 | E31: 38683907 | F31: Nguyễn Thị Đông | G31: 0915344727 | J31: 4829 | K31: 1 pha | L31: D3 | M31: ĐLK | N31: 1 | O31: 5367 | P31: 4900
A32: 25 | B32: Agribank chi nhánh Thủ Đô | C32: Agribank chi nhánh Thủ Đô | D32: ATM - Cổng bảo vệ C8 | E32: 39447683 | F32: Nguyễn Thùy Nhung | G32: 0987265632 | J32: 6156 | K32: 1 pha | L32: D3 | M32: ĐLK | N32: 1 | O32: 2025 | P32: 1784
A33: 26 | B33: Phòng giao dịch chi nhánh Hai Bà Trưng | C33: Ngân hàng TMCP Công thương Việt Nam- Chi nhánh Hai Bà Trưng | D33: Phòng 5 Tầng 1 - Nhà A17 TQB | J33: 1731 | K33: 1 pha | L33: Tủ ĐN2 | M33: B1 | N33: 1 | O33: 150621 | P33: 149262
A34: 27 | B34: Ngân hàng TMCP Công thương Việt Nam- Chi nhánh Hai Bà Trưng | C34: Ngân hàng TMCP Công thương Việt Nam- Chi nhánh Hai Bà Trưng | D34: ATM - D3 | J34: 50952 | K34: 1 pha | L34: Tổng D3 | M34: ĐLK | N34: 1 | O34: 60926 | P34: 59837
A35: 28 | B35: Ngân hàng VP BANK (thanh lý không dùng nữa) | C35: Ngân hàng VP BANK | D35: ATM - D3 | F35: Tạ Xuân Hiệu | G35: 0982501226 | J35: 2261 | K35: 1 pha | L35: Tổng D3 | M35: ĐLK | N35: 1 | P35: 0
A36: 29 | B36: Nhà xuất bản BK | C36: Nhà xuất bản BK | D36: Nhà E | E36: 38684569 | F36: Phùng Lan Hương | G36: 0905608271 | J36: 0322 | K36: 3 pha | L36: Tầng 3 | M36: THCK | N36: 1 | O36: 108683 | P36: 108344
A37: 30 | B37: A Bằng - Quán tròn | C37: Nhà xuất bản BK | D37: Đường đôi | E37: 38682917 | F37: Hoàng Tuấn Bằng | G37: 0915805666 | J37: 1271 | K37: 1 pha | L37: Nấm tròn đường đôi | M37: BK2 | N37: 1 | O37: 5186 | P37: 5161
A38: 31 | B38: Nhà sách BK | C38: Nhà sách Bách Khoa | D38: Phòng 3 Tầng 1 - Nhà A17 | E38: 38684569 | F38: Hoàng Tuấn Bằng | G38: 0915805666 | J38: 0566 | K38: 1 pha | L38: Tủ ĐN1 | M38: B1 | N38: 1 | O38: 179170 | P38: 178161
A39: 32 | B39: Nhà sách BK | C39: Nhà sách Bách Khoa | D39: Phòng 2 Tầng 1 - Nhà A17 TQB | E39: 36230568 | F39: Hoàng Tuấn Bằng | G39: 0915805666 | J39: 5125 | K39: 1 pha | L39: Tủ ĐN1 | M39: B1 | N39: 1 | O39: 65237 | P39: 64256
A40: 33 | B40: Nhà sách Bách Khoa | C40: Nhà sách Bách Khoa | D40: Nhà sách Bách Khoa | F40: Hoàng Tuấn Bằng | G40: 0915805666 | J40: 0625 | K40: 3 pha | M40: B1 | N40: 1 | O40: 78073 | P40: 78073
A41: 34 | B41: Nhà ăn A 1-5 | C41: Nhà ăn A 1-5 | D41: Nhà A15 TQB | F41: Dương Văn Thế | G41: 0912339926 | J41: 11498 | K41: 3 pha | L41: Tủ tổng A15 | M41: B1 | N41: 1
A42: 35 | B42: Nhà ăn A 1-5 | C42: Nhà ăn A 1-5 | D42: Nhà A15 TQB | F42: Dương Văn Thế | G42: 0912339926 | J42: 23804 | K42: 3 pha | L42: Tủ tổng A15 | M42: KTX | N42: 30 | O42: 3892 | P42: 3867
A43: 36 | B43: Anh Tường | C43: Phòng HCTH | D43: Tổ Ô tô - Ngõ 17 TQB | E43: 38694242 | F43: Nguyễn Văn Tường | G43: 0345419113 | J43: 3113 | K43: 1 pha | L43: Tổ ô tô | M43: KTX | N43: 1 | O43: 10194 | P43: 10057
A44: 37 | B44: Anh Chiến | C44: Phòng HCTH | D44: Tổ Ô tô - Ngõ 17 TQB | E44: 38694242 | F44: Ngô Viết Chiến | G44: 0912460604 | J44: 1780 | K44: 1 pha | L44: Tổ ô tô | M44: KTX | N44: 1 | O44: 1375 | P44: 1375
A45: 38 | B45: Anh Hà | C45: Phòng HCTH | D45: Tổ Ô tô - Ngõ 17 TQB | E45: 0976117610 | F45: Anh Hà | G45: 0976117610 | J45: 9780 | K45: 1 pha | L45: Tổ ô tô | M45: KTX | N45: 1 | O45: 13356 | P45: 13293
A46: 39 | B46: Căng tin Tầng 3 nhà T | C46: Phòng CSVC | D46: Tầng 3 nhà T | E46: 0977734138 | F46: Trịnh Thị Tân | J46: 2451 | K46: 1 pha | L46: Tủ ĐN 1 T3 | M46: THCK | N46: 1 | O46: 13218 | P46: 13171
A47: 40 | B47: Quán tròn C5 | C47: Phòng CSVC | D47: Quán tròn C5 | F47: Nguyễn Thu Lương | G47: 0913521321 | J47: 6385 | K47: 1 pha | L47: Quán tròn C5 | M47: BK2 | N47: 1 | P47: 22728
A48: 41 | B48: Quán tròn C9 | C48: Phòng CSVC | D48: Quán tròn C9 | F48: Nguyễn Thu Lương | G48: 0913521321 | J48: 5545 | K48: 1 pha | L48: Quán tròn C9 | M48: BK3B | N48: 1 | O48: 28451 | P48: 27926
A49: 42 | B49: Tạ Thanh Hằng - Photocopy | C49: Phòng CSVC | D49: Nhà D6 | F49: Tạ Thanh Hằng | G49: 0819906149 | J49: 3842 | K49: 1 pha | L49: Cầu thang D6 | M49: TVĐT | N49: 1 | O49: 35617 | P49: 35539
A50: 43 | B50: Chị Phượng -Photocopy | C50: Phòng CSVC | D50: Tầng 1 - D9 | F50: Nguyễn Thị Phượng | G50: 0942373388 | J50: 9862 | K50: 1 pha | L50: Cầu thang T1 D9 | M50: ĐLK | N50: 1 | O50: 1555 | P50: 1463
A51: 44 | B51: Phan Đức Hòa | C51: Phòng CSVC | D51: Tầng 1 - D9 | F51: Phan Đức Hòa | G51: 0984811522 | J51: 4881 | K51: 1 pha | L51: Tủ tổng KCN | M51: ĐLK | N51: 1 | O51: 6014 | P51: 5944
A52: 45 | B52: Căng tin D3-5 | C52: Phòng CSVC | D52: Tầng 1 D3-5 | F52: Trần Đình Cát | G52: 0903237333 | J52: 3304 | K52: 1 pha | L52: tổng phòng | M52: ĐLK | N52: 1 | P52: 25115
A53: 46 | B53: Ông Mạnh (TB) -Photocopy | C53: Phòng CSVC | D53: Tầng 1 - D3 | F53: Nguyễn Thế Mạnh (phòng TB) | G53: 0912567686 | J53: 9876 | K53: 1 pha | L53: Cầu thang 1 T1- D3 | M53: ĐLK | N53: 1 | O53: 47034 | P53: 46891
A54: 47 | B54: Ông Tâm (TB) - Photocopy | C54: Phòng CSVC | D54: Tầng 1 - D5 | E54: 38692116 | F54: Phan Thị Bắc(Tâm TB) | G54: 0912372528 | J54: 6203 | K54: 1 pha | L54: Cầu thang T1 D5 | M54: ĐLK | N54: 1 | O54: 12205 | P54: 12080
A55: 48 | B55: Ông Chình (TB) - Photocopy | C55: Phòng CSVC | D55: Tầng 1 - D3 | E55: 38694529 | F55: Dương Thị Mai Hiên (Chình TB) | G55: 0912285289 | J55: 9903 | K55: 1 pha | L55: Cầu thang 1 T1- D3 | M55: ĐLK | N55: 1 | O55: 15528 | P55: 15487
A56: 49 | B56: Phòng CSVC | C56: Phòng CSVC | D56: Kho B4 | J56: 1489 | K56: 3 pha | L56: Tầng 2 B4 | M56: KTX | P56: 3841
A57: 127 | B57: Anh Phong - Căng tin Tầng 1 | C57: Viện Đào tạo Liên tục | D57: Tầng 1 nhà TC-Viện ĐTLT | F57: Nguyễn Đăng Phong | G57: 0984684610 | J57: 52594 | K57: 1 pha | L57: Tủ tổng T2 | M57: THCK | N57: 1 | P57: 23133
A58: 50 | B58: PTN trọng điểm Polyme& Compozit | C58: PTN trọng điểm Polyme& Compozit | D58: D1- 301 | E58: 38692731 | F58: Nguyễn Thanh Liêm | J58: 3399 | K58: 3 pha | L58: Tủ tổng | M58: BK3B | N58: 80 | O58: 8690 | P58: 8677
A59: 51 | B59: Trung tâm Ngôn ngữ và trao đổi học thuật | C59: Trung tâm Ngôn ngữ và trao đổi học thuật | D59: Đường đôi | E59: 38682179 | F59: Vũ Hiền Phương | G59: 0987439889 | J59: 77805 | K59: 3 pha | L59: Tủ tổng TT | M59: BK3B | N59: 1 | O59: 816677 | P59: 814586
A60: 52 | B60: Trung tâm Ngôn ngữ và trao đổi học thuật | C60: Trung tâm Ngôn ngữ và trao đổi học thuật | D60: C3B | F60: Vũ Hiền Phương | G60: 0987439889 | J60: 7971 | K60: 3 pha | L60: ĐCĐT | M60: ĐCĐT | N60: 50 | O60: 2090 | P60: 2045
A61: 53 | B61: Trung tâm Ngôn ngữ và trao đổi học thuật | C61: Trung tâm Ngôn ngữ và trao đổi học thuật | D61: Sảnh nhà T - tầng 1 | E61: 38682445 | F61: Vũ Hiền Phương | G61: 0987439889 | J61: 3834 | K61: 1 pha | L61: Tủ ĐN 1 T1 | M61: THCK | N61: 1 | O61: 1047 | P61: 1047
A62: 54 | B62: Trung tâm Ngôn ngữ và trao đổi học thuật | C62: Trung tâm Ngôn ngữ và trao đổi học thuật | D62: Phòng 228-Thư viện TQB | E62: 36231722 | F62: Vũ Hiền Phương | G62: 0987439889 | J62: 3543 | K62: 1 pha | L62: P228 | M62: TVĐT | N62: 1 | O62: 94212 | P62: 94046
A63: 55 | B63: Trường Cao Đẳng nghề BK | C63: Trường Cao Đẳng nghề BK | D63: Nhà C4 B | E63: 38682917 | F63: Nguyễn Khắc Kiểm | G63: 0904173826 | J63: 3259 | K63: 3 pha | L63: Trạm BK2 | M63: BK2 | N63: 1 | O63: 81923 | P63: 81777
A64: 56 | B64: Trường Cao Đẳng nghề BK | C64: Trường Cao Đẳng nghề BK | D64: Lớp học số11 Tạ Quang Bửu | E64: 38682917 | F64: Nguyễn Khắc Kiểm | G64: 0904173826 | J64: 80030 | K64: 3 pha | L64: Trạm B1 | M64: B1 | N64: 1 | P64: 10122
A65: 57 | B65: VP-Trường Cao Đẳng Nghề BK | C65: Trường Cao Đẳng nghề BK | D65: 15 Tạ Quang Bửu | E65: 38682917 | F65: Nguyễn Khắc Kiểm | G65: 0904173826 | J65: 1124 | K65: 3 pha | L65: Tầng 4 | M65: B1 | N65: 1 | P65: 10269
A66: 58 | B66: Trường Cao Đẳng nghề BK | C66: Trường Cao Đẳng nghề BK | D66: Tầng 2 - B4 | E66: 38682917 | F66: Nguyễn Khắc Kiểm | G66: 0904173826 | J66: 3974 | K66: 1 pha | L66: Trạm B1 | M66: KTX | N66: 1 | P66: 51247
A67: 59 | B67: Trường Cao Đẳng nghề BK | C67: Trường Cao Đẳng nghề BK | D67: Tầng 2 - B4 | E67: 38682917 | F67: Nguyễn Khắc Kiểm | G67: 0904173826 | J67: 3450 | K67: 3 pha | L67: Trạm B4BK | M67: KTX | N67: 1 | P67: 10555
A68: 60 | B68: Trường Cao đẳng nghề BK | C68: Trường Cao đẳng nghề BK | D68: Tầng 4 - ĐN 2 - Nhà A17 | E68: 38682917 | F68: Nguyễn Khắc Kiểm | G68: 0904173826 | J68: 5836 | K68: 3 pha | L68: Tủ ĐN2 | M68: B1 | N68: 1 | O68: 55054 | P68: 54738
A69: 61 | B69: Trường Cao Đẳng nghề BK | C69: Trường Cao Đẳng nghề BK | D69: Tầng 4 ĐN1 - Nhà A17 TQB | E69: 38682917 | F69: Nguyễn Khắc Kiểm | G69: 0904173826 | J69: 0651 | K69: 3 pha | L69: Tủ ĐN1 | M69: B1 | N69: 1 | O69: 49647 | P69: 49323
A70: 62 | B70: Trường Cao Đẳng nghề BK | C70: Trường Cao Đẳng nghề BK | D70: Ngõ 17- TQB | E70: 38682917 | F70: Nguyễn Khắc Kiểm | G70: 0904173826 | J70: 3543 | K70: 3 pha | L70: Tầng 1 | M70: THCK | N70: 1 | P70: 127282
A71: 63 | B71: Phòng học Cao đẳng nghề | C71: Trường Cao Đẳng nghề BK | D71: A17 Tầng 5 ĐN1 | F71: Nguyễn Khắc Kiểm | G71: 0904173826 | J71: 0488 | K71: 3 pha | M71: B1 | N71: 1 | O71: 163873 | P71: 163645
A72: 64 | B72: Xưởng cơ khí 26/9 - Trường Cao đẳng nghề Bách khoa | C72: Trường Cao Đẳng nghề BK | D72: Nhà B tầng hầm đầu hồi | F72: Nguyễn Khắc Kiểm | G72: 0904173826 | J72: 0674 | K72: 3 pha | L72: Ngoài phía sau | M72: VVL | N72: 1 | O72: 684 | P72: 503
A73: 65 | B73: Trường ĐHXD | C73: Trường ĐHXD | D73: PTN công trình thủy Tầng 1 - C 6 | E73: 38691420 | F73: Nguyễn Mạnh Tám | G73: 0906850866 | J73: 4840 | K73: 3 pha | L73: Trạm bơm C6 | M73: ĐCĐT | N73: 30 | O73: 276 | P73: 276
A74: 66 | B74: PTN Công trình Thủy C6-ĐHXD | C74: Trường ĐHXD | D74: C6 | E74: 38691420 | F74: Nguyễn Mạnh Tám | G74: 0906850866 | J74: 2706 | K74: 1 pha | L74: Cầu thang C6 | M74: BK1 | N74: 1 | O74: 26799 | P74: 26565
A75: 67 | B75: PTN Xây dựng C3-ĐHXD | C75: Trường ĐHXD | D75: C3 | E75: 38692555 | F75: Bùi Danh Đại | G75: 0902286817 | J75: 0041 | K75: 3 pha | L75: Trạm BK2 | M75: BK2 | N75: 40 | O75: 4378 | P75: 4352
A76: 68 | B76: Đại học Mỏ địa chất | C76: Đại học Mỏ địa chất | D76: C5- ĐH Bách Khoa HN | E76: 38681888 | F76: Tạ Văn Minh | J76: 4708 | K76: 3 pha | L76: Tầng 1 | M76: BK2 | N76: 1 | O76: 220521 | P76: 220060
A77: 69 | B77: Trung tâm nghiên cứu địa kỹ thuật Đh Mỏ | C77: Trung tâm nghiên cứu địa kỹ thuật Đh Mỏ | D77: Trung tâm nghiên cứu địa kỹ thuật C5 | F77: Nhung | G77: 0978423004 | J77: 6906 | K77: 3 pha | L77: Tầng 1 | M77: BK2 | N77: 1 | O77: 103209 | P77: 102870
A78: 70 | B78: Nhà ăn sinh viên B13 | C78: TT Phục vụ BK | D78: B13 | E78: 36230523 | F78: Trần Thị Thu | G78: 0382290869 | J78: 8544 | K78: 3 pha | L78: Cổng nhà ăn B13 | M78: KTX | N78: 1 | O78: 272453 | P78: 269077
A80: 72 | B80: Văn phòng TT phục vụ Bách khoa | C80: TT Phục vụ BK | D80: Số 10 Tạ Quang Bửu | E80: 36230523 | F80: Trần Thị Thu | G80: 0382290869 | J80: 9456 | K80: 1 pha | L80: Tầng 3 TTPV | M80: B1 | N80: 1 | O80: 37564 | P80: 37564
A81: 73 | B81: Văn phòng thầy Chung | C81: TT Phục vụ BK | D81: Tầng 4 - Số 10 TQB | E81: 972261616 | F81: Nguyễn Thị Đào | G81: 0972261616 | J81: 9307 | K81: 3 pha | L81: Tầng 1 TTPV | M81: B1 | N81: 1 | O81: 19929 | P81: 19739
A82: 74 | B82: Ông Phong -Phòng tập Gym | C82: TT Phục vụ BK | D82: Tầng 3- TT PVBK | F82: Đỗ Văn Phong | G82: 0909091296 | J82: 7671 | K82: 3 pha | L82: Tầng 3 TTPV | M82: B1 | N82: 1 | O82: 227218 | P82: 226118
A83: 75 | B83: Chị Tuyết - Siêu thị SIVI MART | C83: TT Phục vụ BK | D83: Tầng 1 Số 10 Tạ Quang Bửu | E83: 62781560 | F83: Vũ Thị Tuyết | G83: 0904462309 | J83: 3488 | K83: 3 pha | L83: Tầng 1 TTPV | M83: B1 | N83: 1 | O83: 270920 | P83: 269026
A84: 76 | B84: Trung tâm VNPT Hà Nội | C84: TT Phục vụ BK | D84: Tầng 1 Số 10 Tạ Quang Bửu | E84: 38240993 | F84: Lê Ngọc Anh | G84: 0918764073 | J84: 2174 | K84: 3 pha | L84: Tầng 1 TTPV | M84: B1 | N84: 1 | O84: 46030 | P84: 45619
A86: 78 | B86: Ngân hàng Sacombank | C86: TT Phục vụ BK | D86: Số 10 - TQB | E86: 62781536 | F86: Nguyễn Văn Chương | G86: 0982796816 | J86: 5089 | K86: 1 pha | L86: Tủ tổng T1 | M86: B1 | N86: 1 | O86: 262127 | P86: 259556
A87: 79 | B87: Phòng tập võ - TTPVBK | C87: TT Phục vụ BK | D87: Tầng 2- Số 10 Tạ quang Bửu | F87: Anh Hải | G87: 0943288233 | J87: 4243 | K87: 1 pha | L87: T1 TTPVBK | M87: B1 | N87: 1 | O87: 25984 | P87: 25690
A88: 80 | B88: The English Expert | C88: TT Phục vụ BK | D88: Tầng 3 - Số 10 Tạ Quang Bửu | F88: Phạm Trần Kiên | G88: 0948256008 | J88: 6654 | K88: 1 pha | L88: Tầng 3 | M88: B1 | N88: 1 | O88: 31944 | P88: 31890
A89: 81 | B89: GIZ | C89: TT Phục vụ BK | D89: Số 1 - Ngõ 17 Tạ Quang Bửu | E89: 36230351 | F89: Lê Thị Hạnh | J89: 21748 | K89: 1 pha | L89: Nhà khách BK | M89: THCK | N89: 1 | O89: 53658 | P89: 53532
A90: 82 | B90: GIZ | C90: TT Phục vụ BK | D90: Số 1 - Ngõ 17 Tạ Quang Bửu | E90: 36230351 | F90: Lê Thị Hạnh | J90: 11098 | K90: 1 pha | L90: Nhà khách BK | M90: THCK | N90: 1 | O90: 49776 | P90: 49493
A91: 83 | B91: GIZ | C91: TT Phục vụ BK | D91: Số 1 - Ngõ 17 Tạ Quang Bửu | E91: 36230351 | F91: Lê Thị Hạnh | J91: 17107 | K91: 1 pha | L91: Nhà khách BK | M91: THCK | N91: 1 | O91: 63791 | P91: 63275
A92: 84 | B92: Ban quản lý các Dự án giáo dục nghề nghiệp vốn ODA | C92: TT Phục vụ BK | D92: Số 1- Ngõ 17 Tạ Quang Bửu | F92: Mai Sơn Vinh | G92: 0385291952 | J92: 0176 | K92: 1 pha | L92: Nhà Khách BK | M92: THCK | N92: 1 | O92: 5174 | P92: 4934
A93: 85 | B93: Ban quản lý các Dự án giáo dục nghề nghiệp vốn ODA | C93: TT Phục vụ BK | D93: Số 1 - Ngõ 17 Tạ Quang Bửu | F93: Mai Sơn Vinh | G93: 01685291952 | J93: 1579 | K93: 1 pha | L93: Nhà Khách BK | M93: THCK | N93: 1 | O93: 26941 | P93: 26920
A94: 86 | B94: Ban quản lý các Dự án giáo dục nghề nghiệp vốn ODA | C94: TT Phục vụ BK | D94: Số1 - Ngõ 17 Tạ Quang Bửu | E94: 38618556 | F94: Mai Sơn Vinh | G94: 0385291952 | J94: 2041 | K94: 1 pha | L94: Nhà khách BK | M94: THCK | N94: 1 | O94: 55503 | P94: 45500
A95: 87 | B95: Ban quản lý các Dự án giáo dục nghề nghiệp vốn ODA | C95: TT Phục vụ BK | D95: Số 1- Ngõ 17 Tạ Quang Bửu | E95: 38694583 | F95: Mai sơn Vinh | G95: 0385291952 | J95: 12992 | K95: 3 pha | L95: Tủ Tổng | M95: THCK | N95: 1 | O95: 207557 | P95: 206070
A96: 88 | B96: Ban quản lý các Dự án giáo dục nghề nghiệp vốn ODA | C96: TT Phục vụ BK | D96: Số 1 - Ngõ 17 Tạ Quang Bửu | F96: Mai Sơn Vinh | G96: 0385291952 | J96: 22259 | K96: 1 pha | L96: Nhà khách BK | M96: THCK | N96: 1 | O96: 73282 | P96: 72863
A97: 89 | B97: Ban quản lý các Dự án giáo dục nghề nghiệp vốn ODA | C97: TT Phục vụ BK | D97: Số 1 - Ngõ 17 Tạ Quang Bửu | F97: Mai Sơn Vinh | G97: 0385291952 | J97: 43743 | K97: 1 pha | L97: Nhà khách BK | M97: THCK | N97: 1 | O97: 43318 | P97: 43203
A98: 90 | B98: Ban quản lý các Dự án giáo dục nghề nghiệp vốn ODA | C98: TT Phục vụ BK | D98: Số 1 - Ngõ 17 Tạ Quang Bửu | F98: Mai Sơn Vinh | G98: 0385291952 | J98: 43359 | K98: 1 pha | L98: Nhà khách BK | M98: THCK | N98: 1 | O98: 24024 | P98: 24022
A99: 91 | B99: GIZ | C99: TT Phục vụ BK | D99: Số 1 - Ngõ 17 Tạ Quang Bửu | E99: 36230351 | F99: Lê Thị Hạnh | J99: 04855 | K99: 1 pha | L99: Nhà khách BK | M99: THCK | N99: 1 | O99: 45464 | P99: 45256
A100: 92 | B100: Cô Toàn - Bánh tráng | C100: TT Phục vụ BK | D100: Phòng 7 tầng 1 Nhà A17, TQB | E100: 934094589 | F100: Chị Thủy | G100: 0968252111 | J100: 5109 | K100: 1 pha | L100: Tủ ĐN2 | M100: B1 | N100: 1 | O100: 33548 | P100: 33080
A101: 93 | B101: Anh Phương - Citea Fun | C101: TT Phục vụ BK | D101: Phòng 6 Tầng 1 - Nhà A17 | E101: 0912552709 | F101: Anh Phương | G101: 0988181512 | J101: 1735 | K101: 3 pha | L101: Tủ ĐN2 | M101: B1 | N101: 1 | O101: 105782 | P101: 105302
A102: 94 | B102: Chị Thu - Nhà xe ô tô Viện AIST (tạm chưa thu) | C102: TT Phục vụ BK | D102: Viện AIST (Tạm chưa thu) | E102: 36230523 | F102: Chị Thu | G102: 0978817586 | J102: 6460 | K102: 1 pha | L102: Nhà xe ô tô | M102: B1 | N102: 1 | O102: 5553 | P102: 5496
A103: 95 | B103: Dạy đàn - Triệu Hoàng Lân | C103: TT Phục vụ BK | D103: Tầng 1 Số 10 Tạ Quang Bửu | E103: 0968685698 | G103: 0968685698 | J103: 8259 | K103: 1 pha | M103: B1 | N103: 1 | P103: 4554
A104: 96 | B104: Bán hàng ăn | D104: Phòng 9, tầng 1, nhà A17 | F104: Nguyễn Thái Bình | G104: 0912212968 | J104: 4882 | K104: 1 pha | M104: B1 | N104: 1 | O104: 20823 | P104: 19387
A105: 97 | B105: A Trung - TT Thể thao văn hóa | C105: TT Thể thao văn hóa | D105: Cổng Bảo vệ - Bể bơi BK | F105: Anh Trung | G105: 0912622275 | J105: 651 | K105: 1 pha | L105: Tường ngoài phòng bảo vệ | M105: B1 | N105: 1 | O105: 12736 | P105: 12639
A106: 98 | B106: Chị Hiền - Quầy sách báo thể thao | C106: TT Thể thao văn hóa | D106: TT Thể thao VH ngõ 40 TQB | E106: 38683885 | F106: Vũ Thị Thanh Hiền | G106: 0916834574 | J106: 3218 | K106: 1 pha | L106: Tường ngoài phòng bảo vệ | M106: B1 | N106: 1 | O106: 4912 | P106: 4902
A107: 99 | B107: Ông Trung - GĐ TTTTVH | C107: TT Thể thao văn hóa | D107: Bể bơi BK | E107: 38683885 | F107: Nguyễn Viết Trung | G107: 0912622275 | J107: 7041 | K107: 3 pha | L107: T1 cầu thang | M107: B1 | N107: 1 | O107: 440826 | P107: 439786
...

Sheet Trường Cơ khí
A1: ĐẠI HỌC BÁCH KHOA HÀ NỘI | F1: PHIẾU THÔNG BÁO ĐIỆN TIÊU THỤ
A2: PHÒNG CƠ SỞ VẬT CHẤT | F2: Tháng 6 năm 2023
J4: Số phiếu: 234
A5: Kính gửi: Trường Cơ khí
J6: 234
A7: Địa chỉ hộ tiêu thụ: Trường Cơ khí. | J7: Điện thoại: .
A8: Đại diện: Trường Cơ khí. | J8: Điện thoại: 38696165
A10: STT | B10: Chỉ số mới | C10: Chỉ số cũ | D10: Hệ số | E10: Điện năng tiêu thụ (kWh) | F10: Bao cấp (kWh) | G10: Đơn giá (VNĐ) | H10: Thành tiền (VNĐ) | I10: Tên đơn vị | J10: Địa chỉ
A13: 1 | B13: 1769 | C13: 1768 | D13: 120 | E13: =(B13-C13)*D13 -> 120 | F13: 0 | G13: 3505 | H13: =G13*E13 -> 420600 | I13: TT Kỹ thuật cơ khí | J13: B1
A14: 2 | B14: 62636 | C14: 62393 | D14: 1 | E14: =(B14-C14)*D14 -> 243 | G14: 3505 | H14: =G14*E14 -> 851715 | I14: TT Kỹ thuật cơ khí | J14: B1
A15: 3 | B15: 95475 | C15: 95395 | D15: 1 | E15: =(B15-C15)*D15 -> 80 | G15: 3505 | H15: =G15*E15 -> 280400 | I15: TT Kỹ thuật cơ khí | J15: T - 101 Phòng CNC công nghiệp
A16: 4 | B16: 28589 | C16: 28449 | D16: 1 | E16: =(B16-C16)*D16 -> 140 | G16: 3505 | H16: =G16*E16 -> 490700 | I16: TT Kỹ thuật cơ khí | J16: T - P 107
A17: 5 | B17: 33512 | C17: 33448 | D17: 1 | E17: =(B17-C17)*D17 -> 64 | G17: 3505 | H17: =G17*E17 -> 224320 | I17: TT Kỹ thuật cơ khí | J17: T- Ban Phay bào
A18: 6 | B18: 5204 | C18: 5166 | D18: 1 | E18: =(B18-C18)*D18 -> 38 | G18: 3505 | H18: =G18*E18 -> 133190 | I18: TT Kỹ thuật cơ khí | J18: T- 110A PTN Hàn
A19: 7 | B19: 54663 | C19: 54443 | D19: 1 | E19: =(B19-C19)*D19 -> 220 | G19: 3505 | H19: =G19*E19 -> 771100 | I19: TT Kỹ thuật cơ khí | J19: T- PTN Hàn 110
A20: 8 | B20: 13909 | C20: 13892 | D20: 1 | E20: =(B20-C20)*D20 -> 17 | G20: 3505 | H20: =G20*E20 -> 59585 | I20: TT Kỹ thuật cơ khí | J20: T-101,102, nhà mái tôn
A21: 9 | B21: 10919 | C21: 10903 | D21: 1 | E21: =(B21-C21)*D21 -> 16 | G21: 3505 | H21: =G21*E21 -> 56080 | I21: TT Kỹ thuật cơ khí | J21: T - 206
A22: 10 | B22: 14847 | C22: 14821 | D22: 1 | E22: =(B22-C22)*D22 -> 26 | G22: 3505 | H22: =G22*E22 -> 91130 | I22: TT Kỹ thuật cơ khí | J22: T - 207
A23: 11 | B23: 15180 | C23: 15020 | D23: 1 | E23: =(B23-C23)*D23 -> 160 | G23: 3505 | H23: =G23*E23 -> 560800 | I23: TT Kỹ thuật cơ khí - VP | J23: T- 210
A24: 12 | B24: 1923 | C24: 1865 | D24: 1 | E24: =(B24-C24)*D24 -> 58 | G24: 3505 | H24: =G24*E24 -> 203290 | I24: PTN Ô tô ĐN1 | J24: Nhà mái tôn gần hàng rào ĐN1
A25: 13 | B25: 545 | C25: 525 | D25: 30 | E25: =(B25-C25)*D25 -> 600 | G25: 3505 | H25: =G25*E25 -> 2103000 | I25: Phòng TN Đông cơ đốt trong - Ánh sáng | J25: C15
... A35: 23 | B35: 134678 | C35: 134543 | D35: 1 | E35: =(B35-C35)*D35 -> 135 | G35: 3505 | H35: =G35*E35 -> 473175 | I35: PTN Thủy khí | J35: Nhà T-P 109
G36: Tổng cộng: | H36: =SUM(H13:H35) -> 23420410
A37: Bằng chữ: Hai mươi ba triệu, bốn hai mươi nghìn, bốn trăm mười đồng ./.
H39: Hà Nội, ngày 21 tháng 7 năm 2023
A40: PHÒNG CƠ SỞ VẬT CHẤT | H40: NGƯỜI LẬP PHIẾU
H44: Hồ Thành Long

Sheet Trường Điện - Điện tử
A1: ĐẠI HỌC BÁCH KHOA HÀ NỘI | F1: PHIẾU THÔNG BÁO ĐIỆN TIÊU THỤ
A2: PHÒNG CƠ SỞ VẬT CHẤT | F2: Tháng 6 năm 2023
J4: Số phiếu: 234
A5: Kính gửi: Trường Điện - Điện tử
J6: 234
A7: Địa chỉ hộ tiêu thụ: Trường Điện - Điện tử. | J7: Điện thoại: 3869 2242
A8: Đại diện: Trường Điện - Điện tử. | J8: Điện thoại: 3869 6211
A10: STT | B10: Chỉ số mới | C10: Chỉ số cũ | D10: Hệ số | E10: Điện năng tiêu thụ (kWh) | F10: Bao cấp (kWh) | G10: Đơn giá (VNĐ) | H10: Thành tiền (VNĐ) | I10: Tên đơn vị | J10: Địa chỉ
A13: 1 | B13: 250627 | C13: 250602 | D13: 1 | E13: =(B13-C13)*D13 -> 25 | G13: 3505 | H13: =G13*E13 -> 87625 | I13: PTN Vi Mạch 611 - Điện tử Viễn thông | J13: Phòng 611 - TV TQB
A14: 2 | B14: 47726 | C14: 46527 | D14: 1 | E14: =(B14-C14)*D14 -> 1199 | G14: 3505 | H14: =G14*E14 -> 4202495 | I14: PTN Trường Điện - Điện tử | J14: Tầng 4 - Nhà C1B
A15: 3 | B15: 351 | C15: 0 | D15: 1 | E15: =(B15-C15)*D15 -> 351 | G15: 3505 | H15: =G15*E15 -> 1230255 | I15: Các phòng thực hành ĐTVT (đèn, quạt..) t thụ | J15: Nhà T - tầng 3
A16: 4 | B16: 60749 | C16: 60127 | D16: 1 | E16: =(B16-C16)*D16 -> 622 | G16: 3505 | H16: =G16*E16 -> 2180110 | I16: Các phòng thực hành ĐTVT (Bàn thí nghiệm) | J16: Nhà T - tầng 3
A17: 5 | B17: 96156 | C17: 96154 | D17: 1 | E17: =(B17-C17)*D17 -> 2 | G17: 3505 | H17: =G17*E17 -> 7010 | I17: Trung tâm thực hành ĐTVT B4 | J17: Trung tâm thực hành B4 - số 5 TQB
A18: 6 | B18: 932 | C18: 888 | D18: 20 | E18: =(B18-C18)*D18 -> 880 | G18: 3505 | H18: =G18*E18 -> 3084400 | I18: TT Đào tạo thực hành Đ-ĐT. D8 | J18: D8 T8
A19: 7 | B19: 20 | C19: 18 | D19: 20 | E19: =(B19-C19)*D19 -> 40 | G19: 3505 | H19: =G19*E19 -> 140200 | I19: TT Đào tạo thực hành Đ-ĐT. D8 | J19: D8 T8
A20: 8 | B20: 500 | C20: 484 | D20: 20 | E20: =(B20-C20)*D20 -> 320 | G20: 3505 | H20: =G20*E20 -> 1121600 | I20: TT Đào tạo thực hành Đ-ĐT. D8 | J20: D8 T9
A21: 9 | B21: 166 | C21: 162 | D21: 20 | E21: =(B21-C21)*D21 -> 80 | G21: 3505 | H21: =G21*E21 -> 280400 | I21: TT Đào tạo thực hành Đ-ĐT. D8 | J21: D8 T9
A22: 10 | B22: 743 | C22: 698 | D22: 20 | E22: =(B22-C22)*D22 -> 900 | G22: 3505 | H22: =G22*E22 -> 3154500 | I22: TT Đào tạo thực hành Đ-ĐT. D8 | J22: D8 T10
A23: 11 | B23: 320 | C23: 304 | D23: 20 | E23: =(B23-C23)*D23 -> 320 | G23: 3505 | H23: =G23*E23 -> 1121600 | I23: TT Đào tạo thực hành Đ-ĐT. D8 | J23: D8 T10
G24: Tổng cộng: | H24: =SUM(H13:H16) -> 7700485 | J24: Phòng Cơ sở vật chất
A25: Bằng chữ: Ba mươi bốn triệu, sáu trăm ba mươi hai nghìn, ba trăm bốn mươi hai đồng ./. | J25: ĐT: 024 3 868 1954
H27: Hà Nội, ngày 21 tháng 7 năm 2023
A28: PHÒNG CƠ SỞ VẬT CHẤT | H28: NGƯỜI LẬP PHIẾU
H32: Hồ Thành Long

Sheet Trường CNTT 
A1: ĐẠI HỌC BÁCH KHOA HÀ NỘI | F1: PHIẾU THÔNG BÁO ĐIỆN TIÊU THỤ
A2: PHÒNG CƠ SỞ VẬT CHẤT | F2: Tháng 6 năm 2023
J4: Số phiếu: 234
A5: Kính gửi: Trường CNTT & TT
J6: 234
A7: Địa chỉ hộ tiêu thụ: Trường CNTT & TT. | J7: Điện thoại:
A8: Đại diện: Trường CNTT & TT. | J8: Điện thoại: 38 692 463
A10: STT | B10: Chỉ số mới | C10: Chỉ số cũ | D10: Hệ số | E10: Điện năng tiêu thụ (kWh) | F10: Bao cấp (kWh) | G10: Đơn giá (VNĐ) | H10: Thành tiền (VNĐ) | I10: Tên đơn vị | J10: Địa chỉ
A13: 1 | B13: 23883 | C13: 0 | D13: 1 | E13: =(B13-C13)*D13 -> 23883 | F13: 0 | G13: 3354 | H13: =G13*E13 -> 80103582 | I13: Trường CNTT và TT (t thụ) | J13: B1 (Phòng máy, VP trường, VP Khoa, TT, BM)
A14: 2 | B14: 319423 | C14: 312006 | D14: 1 | E14: =(B14-C14)*D14 -> 7417 | G14: 3354 | H14: =G14*E14 -> 24876618 | I14: Trường CNTT và TT (TT máy tính D5) | J14: D5 tầng 3
G15: Tổng cộng: | H15: =SUM(H13:H14) -> 104980200 | J15: Phòng Cơ sở vật chất
A16: Bằng chữ: Ba mươi bốn triệu, sáu trăm ba mươi hai nghìn, ba trăm bốn mươi hai đồng ./. | J16: ĐT: 024 3 868 1954
H18: Hà Nội, ngày 21 tháng 7 năm 2023
A19: PHÒNG CƠ SỞ VẬT CHẤT | H19: NGƯỜI LẬP PHIẾU
H23: Hồ Thành Long

Sheet Trường Hóa & KHSS
A1: ĐẠI HỌC BÁCH KHOA HÀ NỘI | F1: PHIẾU THÔNG BÁO ĐIỆN TIÊU THỤ
A2: PHÒNG CƠ SỞ VẬT CHẤT | F2: Tháng 6 năm 2023
J4: Số phiếu: 234
A5: Kính gửi: Trường Hóa và KHSS
J6: 234
A7: Địa chỉ hộ tiêu thụ: Trường Hóa và KHSS. | J7: Điện thoại: 3868 2470
A8: Đại diện: Trường Hóa và KHSS. | J8: Điện thoại: 3869.2515
A10: STT | B10: Chỉ số mới | C10: Chỉ số cũ | D10: Hệ số | E10: Điện năng tiêu thụ (kWh) | F10: Bao cấp (kWh) | G10: Đơn giá (VNĐ) | H10: Thành tiền (VNĐ) | I10: Tên đơn vị | J10: Địa chỉ
A13: 1 | B13: 10838 | C13: 10805 | D13: 80 | E13: =B13-C13 -> 33 | G13: 3505 | H13: =G13*E13*D13 -> 9253200 | I13: TT Công nghệ Polyme Compozit và giấy | J13: Nhà D2B
A14: 2 | B14: 160828 | C14: 160041 | D14: 1 | E14: =B14-C14 -> 787 | G14: 3505 | H14: =G14*E14*D14 -> 2758435 | I14: Chị Yến -TT Đào tạo & PT Sản phẩm TP | J14: Tầng 1 - B4, ngõ 15 TQB
A15: 3 | B15: 7275 | C15: 7238 | D15: 1 | E15: =B15-C15 -> 37 | G15: 3505 | H15: =G15*E15*D15 -> 129685 | I15: PTN BM Quá trình TBCNTP | J15: Tầng 1 - B4, ngõ 15 TQB
A16: 4 | B16: 11988 | C16: 11930 | D16: 100 | E16: =B16-C16 -> 58 | G16: 3505 | H16: =G16*E16*D16 -> 20329000 | I16: TT R & D sản phẩm TP - TRIC | J16: Tầng 3 Tòa nhà B1
A17: 5 | B17: 219284 | C17: 219274 | D17: 1 | E17: =B17-C17 -> 10 | G17: 3505 | H17: =G17*E17*D17 -> 35050 | I17: Xưởng D6B Viện KHCN MT | J17: D6B
A18: 6 | B18: 89025 | C18: 88857 | D18: 1 | E18: =B18-C18 -> 168 | G18: 3505 | H18: =G18*E18*D18 -> 588840 | I18: KH& CN Môi trường | J18: T3 - C10
A19: 7 | B19: 28593 | C19: 28524 | D19: 1 | E19: =B19-C19 -> 69 | G19: 3505 | H19: =G19*E19*D19 -> 241845 | I19: KH& CN Môi trường | J19: P 403, 406 C10
A20: 8 | B20: 37377 | C20: 36243 | D20: 1 | E20: =B20-C20 -> 1134 | G20: 3505 | H20: =G20*E20*D20 -> 3974670 | I20: NC&PT ứng dụng Hóa chất tự nhiên | J20: T1 - C10
A21: 9 | B21: 2425 | C21: 0 | D21: 1 | E21: =B21-C21 -> 2425 | G21: 3505 | H21: =G21*E21*D21 -> 8499625 | I21: TT Cao su (t thụ) | J21: D7, D2A
G22: Tổng cộng: | H22: =SUM(H13:H13) -> 9253200 | J22: Phòng Cơ sở vật chất
A23: Bằng chữ: Ba mươi bốn triệu, sáu trăm ba mươi hai nghìn, ba trăm bốn mươi hai đồng ./. | J23: ĐT: 024 3 868 1954
H25: Hà Nội, ngày 21 tháng 7 năm 2023
A26: PHÒNG CƠ SỞ VẬT CHẤT | H26: NGƯỜI LẬP PHIẾU
H30: Hồ Thành Long

Sheet Trường Vật liệu
